계약일자,발주기관,계약방법,목적물,계약명,계약금액,계약상대자
2026-01-29,인천광역시교육청학교지원단,2인이상수의,용역,인천과학예술영재학교 등 12교 실내 복도계단 청소용역,52396000,주식회사 아란환경
2026-01-27,인천광역시교육청학교지원단,2인이상수의,용역,인천대화초등학교 등 12교 실내 복도계단 청소용역,45991000,백마환경산업
2026-01-29,인천광역시교육청학교지원단,2인이상수의,용역,계양고등학교 등 12교 실내 복도계단 청소용역,37921000,주식회사 그린플러스알앤디
2026-03-12,인천백운초등학교,1인수의,용역,2026학년도 청소용역비(화장실 및 복도) 지급,37250000,사회적협동조합 서해크린
2026-03-03,인천후정초등학교,1인수의,용역,"2026학년도 청소용역(화장실,복도,다목적강당)비 지급",36150000,사회적협동조합 서해크린
2026-01-27,인천광역시교육청학교지원단,2인이상수의,용역,강남영상미디어고등학교 등 11교 실내 복도계단 청소용역,31996000,주식회사 베스트쉴드
2026-04-13,인천광역시교육청학교지원단,2인이상수의,용역,동인천고등학교 등 20교 운동장 배수로 청소 용역 시행 및 계약요청,31961000,아이엠빌딩주식회사
2026-04-13,인천광역시교육청학교지원단,2인이상수의,용역,인천부평서초등학교 등 20교 운동장 배수로 청소 용역 시행 및 계약요청,30140000,주식회사 송내이엔씨
2026-03-25,부원여자중학교,1인수의,용역,2026학년도 화장실 및 복도 청소 용역비 지급,28370000,사회적협동종합 서해크린
2026-03-05,부광고등학교,1인수의,용역,2026학년도 화장실 청소 용역비 지급,28022350,동연개발(주)
2026-03-04,인천부광초등학교,1인수의,용역,2026학년도 화장실 복도 청소 용역비 지급,26000000,서해크린
2026-03-01,인천숭의초등학교,1인수의,용역,화장실 및 복도 청소 용역비 지급,25524800,동연개발주식회사
2026-03-01,인천송명초등학교,1인수의,용역,2026학년도 화장실청소 용역 계약,23162880,주식회사 뉴크린아트
2026-03-19,인천학익초등학교,1인수의,용역,2026학년도 화장실 및 복도계단 청소 용역비 지급,22000000,인천희망지역자활센터
2026-03-03,가림고등학교,1인수의,용역,2026학년도 시설관리 청소용역비 지출,22000000,인천서구지역자활센터
2026-03-01,학익고등학교,1인수의,용역,"2026. 3월~ 2027. 2월 화장실 청소용역비 지급(26년8월, 27년1월 제외)",22000000,인천희망지역자활센터
2026-03-01,인천봉화초등학교,1인수의,용역,2026학년도 화장실 복도 청소유지보수 용역비 지급[2026.3월~2027.2월],22000000,인천서구지역자활센터
2026-03-25,부평여자중학교,1인수의,용역,2026학년도 화장실 청소 용역,20430000,사회적협동조합 서해크린
2026-03-01,부평서여자중학교,1인수의,용역,2026학년도 화장실청소 용역비,19880000,사회적협동조합 서해크린
2026-03-01,인천굴포초등학교,1인수의,용역,2026학년도 시설물청소 용역비 지급,19540000,사회적협동조합 서해크린
2026-03-01,인천대정초등학교,1인수의,용역,2026학년도 복도 및 계단 청소 용역비 지급,19490000,사회적협동조합 서해크린
2026-03-13,인천부평북초등학교,1인수의,용역,2026학년도 서관동 청소용역비 지급(개미서비스),18394000,주식회사 개미서비스
2026-03-04,인천진산초등학교,1인수의,용역,2026학년도 화장실 청소용역비 지급,18320000,사회적협동조합 서해크린
2026-03-04,인천진산초등학교,1인수의,용역,2026학년도 복도 및 계단 청소용역비 지급,18320000,사회적협동조합 서해크린
2026-03-01,인일여자고등학교,1인수의,용역,"2026학년도 교사2,3동 화장실 청소 용역 유지보수비 지급",18095000,선문그린존(주)
2026-03-16,삼산유치원,1인수의,용역,2026학년도 청소용역비 지급,17880000,주식회사 청소사랑
2026-03-30,인천서면초등학교,1인수의,용역,2026학년도 청소 인력 용역비,17372160,(주)뉴크린아트
2026-03-01,인천신촌초등학교,1인수의,용역,2026학년도 깨끗한 학교만들기 청소용역비,17030000,사회적협동조합 서해크린
2026-03-25,논현유치원,1인수의,용역,2026학년도 청소 용역비 지급,16610000,주식회사 청소사랑
2026-03-05,인천하정초등학교,1인수의,용역,2026학년도 복도청소 용역비 지급,15000000,주식회사 신진환경
2026-03-01,인천미래생활고등학교,1인수의,용역,2026학년도 공기순환기 필터 교체 및 청소 점검 용역료 지급,13937000,(주)은성에어케어
2026-06-24,인천광역시교육청학교지원단,2인이상수의,용역,서해5도 백령초등학교 등 6교 실내 복도계단 청소용역,10212640,주식회사 삼창기업
2026-04-30,인천루원중학교,1인수의,용역,공기정화장치 및 강당 공조기 필터 청소 실시,10026000,(주)왕성
2026-04-28,인천서흥초등학교,1인수의,용역,"선풍기, 창틀 먼지제거 및 바닥 청소 실시",9200000,대중환경
2026-06-10,인천서희학교,1인수의,용역,2026학년도 상반기 공기순환기 필터 점검·청소 및 필터교체,8692200,주식회사 알프스케어(시흥지점)
2026-05-27,인천은봉초등학교,1인수의,용역,은봉초 공기순환기 핕터 교체 및 냉난방기 청소,8686000,이에프솔루션 인천
2026-07-13,능허대중학교,1인수의,용역,2026학년도 상반기 교내 청소 용역,8000000,주식회사 신진환경
2026-05-29,인천검단가온중학교,1인수의,용역,"2026년 5월 당직경비, 화장실 청소 용역비 지급",7655760,(주)제일안전
2026-07-24,인천검단가온중학교,1인수의,용역,"2026년 7월 당직경비, 화장실 청소 용역비 지급",7607120,(주)제일안전
2026-03-11,인천이음초등학교,1인수의,용역,냉난방기(에어컨) 및 선풍기 청소 실시,7592000,주식회사 서광에스케이
2026-06-29,인천검단가온중학교,1인수의,용역,"2026년 6월 당직경비, 화장실 청소 용역비 지급",7571000,(주)제일안전
2026-06-08,인천청인학교,1인수의,용역,관리실및 특별실 청소,7172000,(주)비엠엔티
2026-07-10,인천명선초등학교,1인수의,용역,2026학년도 상반기 전열교환기 필터 청소,6853000,한원시스템케어
2026-06-19,인천온라인학교,1인수의,용역,강의실 및 계단 등 대청소 용역 실시,6300000,에이치클린
2026-03-10,청라유치원,1인수의,용역,유치원 교내 청소 및 소독 실시,5950000,이든시스템
2026-05-01,인천중산초등학교,1인수의,용역,"냉난방기 필터 그릴, 선풍기 및 화장실 환풍기 청소",5901500,비비에스
2026-02-19,인천광역시교육청학생교육문화회관,1인수의,용역,2026년 공연장 무대 및 객석청소 용역 실시,5800000,(주)윤빛이엔씨
2026-04-16,인천해원초등학교,1인수의,용역,교내 냉난방기 필터 세척 및 선풍기 청소,5796000,와우홈크리닝
2026-03-10,삼산고등학교,1인수의,용역,"교내 관리실, 특별실 바닥청소",5760000,와우홈크리닝
2026-03-27,인천청천초등학교,1인수의,용역,2026학년도 냉난방기 필터 및 선풍기 날개 청소,5742000,주식회사 청소사랑
2026-03-11,인천체육고등학교,1인수의,용역,수영장 벽면 바닥청소 녹제거 및 바란스탱크 청소 실시,5680000,고구려환경
2026-05-27,인천신흥초등학교,1인수의,용역,"미세먼지 저감을 위한 냉난방기, 공기순환기 필터 청소",5561600,(주)인천티에스시스템
2026-03-03,인천청학초등학교,1인수의,용역,본관 복도 및 계단 대청소,5510000,동연개발주식회사
2026-06-02,인천해원초등학교,1인수의,용역,본관 및 신관 체육관 청소,5280000,윤스케어
2026-04-13,인천체육고등학교,1인수의,용역,2026 기숙사 메트리스 세탁 및 청소 실시,5200000,에이치 클린
2026-04-30,인천생활과학고등학교,1인수의,용역,냉난방기 및 선풍기 청소 실시,5020000,준설비 주식회사
2026-04-17,인천경연초등학교,1인수의,용역,교내 선풍기 분해 청소 용역 실시,5016000,동연개발주식회사
2026-05-20,인천신대초등학교,1인수의,용역,"공기순환기 필터, 에어컨 필터, 선풍기 청소",5000000,(주)페펙트씨앤에스
2026-05-21,인천서화초등학교,1인수의,용역,운동장 배수로청소 및 덮게설치 작업비 지급,4866400,현대기획시설보수
2026-04-01,인천성리중학교,1인수의,용역,교내 선풍기 및 에어컨필터 청소 실시,4840000,(주)비비에스
2026-04-29,검단고등학교,1인수의,용역,상반기 학교 정화조 청소 비용 지급,4743990,청명환경
2026-04-13,인천단봉초등학교,1인수의,용역,2026학년도 급식실 학교급식후드청소 용역 실시,4500000,(주)동명티케이씨
2026-05-01,인천석남초등학교,1인수의,용역,교내 전체 냉난방기 및 선풍기 청소 실시,4493500,동연개발(주)
2026-04-29,인천산곡남초등학교,1인수의,용역,교내 냉난방기 및 선풍기 청소 용역비 지급,4474800,이노필터
2026-07-22,인천청람중학교,1인수의,용역,교실 청소 용역비,4400000,루비클린
2026-05-22,부평공업고등학교,1인수의,용역,"본과, 실습동,급식실등 선풍기 및 냉난방기 청소 실시",4398900,하나공조
2026-03-17,인천검단가온중학교,1인수의,용역,신설교 청소 용역비 지급,4356000,주식회사 경인그린환경
2026-05-18,인천단봉초등학교,1인수의,용역,교내동 선풍기 및 냉난방기 청소 용역 실시,4191000,대중환경
2026-04-17,인천먼우금초등학교,1인수의,용역,2026년 선풍기 분해 세척 및 냉난방기 필터 청소비 지급,4049100,블루윈드
2026-05-22,인천예송초등학교,1인수의,용역,선풍기 및 환풍기 분해 청소,4022560,두영
2026-04-07,인천하늘중학교,1인수의,용역,선풍기 및 냉난방기 필터 청소비 지급,4002900,블루윈드
2026-04-14,인천루원중학교,1인수의,용역,에어컨 필터 교체 및 선풍기 청소 실시,3920400,(주)청소사랑
2026-06-15,계산중학교,1인수의,용역,공기순환장치 내부 및 필터 청소,3900000,워시윈드
2026-04-16,인천용현초등학교,1인수의,용역,에어컨 필터 및 선풍기 청소 실시,3890000,온누리종합환경
2026-05-20,인천부흥고등학교,1인수의,용역,[G2B] 교내 냉난방기 필터청소 및 선풍기 청소 용역,3879000,윤빛이엔씨
2026-03-23,인천서창초등학교,1인수의,용역,선풍기 및 에어컨 필터 청소,3872000,고구려환경
2026-03-23,인천서창초등학교,1인수의,용역,선풍기 및 에어컨 필터 청소,3870000,고구려환경
2026-04-20,인천청람초등학교,1인수의,용역,교내 선풍기 및 에어컨 필터 청소,3825800,제이디아이
2026-07-14,인천반도체고등학교,1인수의,용역,2026학년도 상반기 급식실 후드청소 및 급식실 주방 하수구 배관 청소,3800000,(주)매직크린종합관리
2026-05-07,인천서희학교,1인수의,용역,선풍기 및 에어컨 필터 청소 용역,3784000,고구려 환경
2026-07-23,갑룡초등학교,1인수의,용역,식생활교육관 및 조리실 청소,3700000,클린스쿨 대한민국
2026-07-20,인천해송고등학교,1인수의,용역,2026학년 급식실 청소(용역)비 지급,3700000,(주)쎈큐
2026-07-15,인천영선초등학교,1인수의,용역,2026학년도 학교급식시설 청소 실시,3700000,(주)도담교육
2026-07-08,인천귤현초등학교,1인수의,용역,급식실 후드 청소,3700000,(주)쎈큐
2026-05-22,인천신촌초등학교,1인수의,용역,"학교 급식실 후드, 바닥청소",3700000,인천우진환경
2026-05-21,인천발산초등학교,1인수의,용역,2026년 학교급식시설 청소작업,3700000,청목
2026-05-11,인천굴포초등학교,1인수의,용역,급식실 후드 및 바닥 청소 실시,3700000,청목(꼼꼼한사람들)
2026-04-16,인천은봉초등학교,1인수의,용역,급식실 청소비,3700000,(주)쎈큐
2026-03-12,안남고등학교,1인수의,용역,2026학년도 급식실 후드·천정·바닥 청소 실시,3700000,인천우진환경
2026-04-15,인천부마초등학교,1인수의,용역,각 실 냉난방기 필터 세척 및 천장형 선풍기 분해청소 실시,3666000,상록토탈
2026-05-03,인천한별초등학교,1인수의,용역,각 실 선풍기 청소 작업 실시,3603600,주식회사 춘풍
2026-03-03,인천해송초등학교,1인수의,용역,2026학년도 해송초등학교 바닥 및 복도 청소 실시 비용 지급,3576000,고구려환경
2026-04-08,인천아람초등학교,1인수의,용역,2026학년도 교내 선풍기 청소 실시,3500000,온누리종합환경
2026-03-11,인천현송중학교,1인수의,용역,시설물청소원 휴게실 냉난방기 설치,3500000,그린공조 시스템
2026-04-01,인천중산중학교,1인수의,용역,냉난방기필터 및 선풍기 청소 실시 대금,3454000,클린플러스
2026-04-16,계산여자중학교,1인수의,용역,에어컨·선풍기 필터 청소비 지급,3444000,흐름
2026-04-07,인천신검단초등학교,1인수의,용역,교내 실내선풍기 청소,3372600,무지개크린
2026-03-24,인천논곡초등학교,1인수의,용역,교내 선풍기 청소비 지급,3363800,주식회사윈드윈
2026-05-21,연수고등학교,1인수의,용역,교내 선풍기 청소비 지급,3355000,클린에어존 수원점
2026-07-24,인천연학초등학교,1인수의,용역,학교 화장실 청소 용역비 지급,3350000,온누리종합환경
2026-05-14,인천송원초등학교,1인수의,용역,2026학년도 천정형 선풍기 및 에어컨 필터 청소 실시,3347000,토탈크린68
2026-04-01,제물포중학교,1인수의,용역,교실 및 특별실 선풍기 청소작업 실시,3339000,주식회사 윤빛이엔씨
2026-04-10,석정여자고등학교,1인수의,용역,교내 선풍기 청소,3300000,주식회사 제일안전
2026-04-10,인천양지초등학교,1인수의,용역,"선풍기 청소 및 에어컨 필터, 커버 청소 비용 지급",3300000,온누리종합환경
2026-04-24,인천별빛초등학교,1인수의,용역,교내 선풍기 청소 실시,3273000,주식회사 서광에스케이
2026-03-11,진산중학교,1인수의,용역,2026학년도 교내 냉난방기 및 선풍기 청소비 지급,3261500,블루윈드
2026-05-22,인천목향초등학교,1인수의,용역,선풍기 및 냉난방기 청소비 지급,3261000,와우홈크리닝
2026-04-29,인천새말초등학교,1인수의,용역,냉난방기 및 선풍기 청소 실시,3260000,와우홈크리닝
2026-04-18,인천석천초등학교,1인수의,용역,2026학년도 에어컨 필터 청소 및 선풍기 분해 청소비 지급,3201000,주식회사 청소사랑
2026-04-16,인천광역시교육청중앙도서관,1인수의,용역,도서관 바닥카페트 및 의자 청소 실시,3200000,(주)그린휴먼케어
2026-03-04,영종유치원,1인수의,용역,푸른관 전체 청소용역,3200000,주식회사크린웰
2026-05-12,인천효성고등학교,1인수의,용역,하절기 대비 교내 선풍기 청소,3179000,에이치클린
2026-04-07,미추홀외국어고등학교,1인수의,용역,선풍기 분해청소 실시,3157000,와우홈크리닝
2026-03-27,인천가현초등학교,1인수의,용역,교내 천장형선풍기 청소용역비,3157000,와우홈크리닝
2026-04-16,연수여자고등학교,1인수의,용역,2026학년도 상반기 냉난방기 필터 및 선풍기 청소 실시,3152600,(주) 크린웰
2026-03-05,동인천고등학교,1인수의,용역,2026년 정화조 청소 실시,3152000,주식회사 현대환경
2026-03-16,산곡남중학교,1인수의,용역,2026학년도 교사 내·외부 방역 및 저수조 청소 실시,3150000,상록토탈
2026-05-20,인천삼산초등학교,1인수의,용역,2026학년도 실별 선풍기 및 냉난방기 필터 청소,3124000,와우홈크리닝
2026-05-06,인천간재울초등학교,1인수의,용역,냉난방기 필터 및 선풍기 청소 용역,3118500,세종
2026-03-17,인천광역시교육청평생학습관,1인수의,용역,2026년 상반기 특별강의실 청소 실시,3113000,덕형코리아
2026-05-13,인화여자중학교,1인수의,용역,2026학년도 선풍기 및 냉난방기 필터 청소,3086600,(주)새한에이치엠
2026-04-29,인천송림초등학교,1인수의,용역,환기 및 미세먼지 저감을 위한 선풍기 및 냉난방기 청소 실시,3062400,블루윈드
2026-05-19,인천심곡초등학교,1인수의,용역,교내 냉난방기(멀티 실내기)기본세척 및 선풍기 청소 실시,3056900,(주)삼성크린시스템
2026-04-16,인천아라고등학교,1인수의,용역,선풍기 분해 청소비 지급,3033800,(주)춘풍
2026-04-02,인천검단초등학교,1인수의,용역,선풍기및 냉난방기 필터 청소,3031000,와우홈크리닝
2026-07-16,마전중학교,1인수의,용역,2026년도 상반기 급식시설(환기시설 및 학생식당) 청소,3000000,청목(꼼꼼한사람들)
2026-07-15,인천인동초등학교,1인수의,용역,2026학년도 상반기 급식실 후드 및 기타 급식시설 청소 실시,3000000,(주)아톰
2026-05-04,가좌고등학교,1인수의,용역,교실 선풍기 및 에어컨 필터 청소,2996200,(주)뉴크린아트
2026-06-12,인천첨단초등학교,1인수의,용역,"1층 어울림실, 3층 강당 및 통로 계단 청소 실시",2990000,(주)크린웰
2026-04-27,인천검단가온중학교,1인수의,용역,2026년 4월 화장실 청소 용역비 지급,2941000,(주)제일안전
2026-03-26,인천검단가온중학교,1인수의,용역,2026년 3월 화장실청소 용역비 지급,2941000,(주)제일안전
2026-03-03,용현여자중학교,1인수의,용역,2026년도 정화조 청소 실시,2902620,녹색환경(주)
2026-05-20,석정여자고등학교,1인수의,용역,2026년 교내 정화조 청소 실시,2877000,정진환경
2026-07-14,인천청람초등학교,1인수의,용역,교내 지하주차장 및 기계실 청소,2860000,제이디아이
2026-05-18,연수여자고등학교,1인수의,용역,제5회 인천 체육인재 한마당 청소용역비 지급,2860000,(주)초림환경
2026-03-03,인천아라초등학교,1인수의,용역,교내 환경개선을 위한 지하주차장 청소 실시,2860000,무지개크린
2026-04-24,인천반도체고등학교,1인수의,용역,2026년 4월 시설물청소원 용역비 지급,2855200,네모클린 사회적협동조합
2026-04-30,명현중학교,1인수의,용역,천정형 선풍기 및 냉난방기 실내기 필터 청소 실시,2833600,주식회사 크린웰
2026-04-21,인천예송중학교,1인수의,용역,2026학년도 천정형 냉난방기 필터 및 선풍기 청소 용역비 지급,2828100,선명시스템
2026-04-24,인천성지초등학교,1인수의,용역,냉난방기 공청필터 및 교실 선풍기 청소비 지급,2827000,하나공조
2026-06-04,인천부흥초등학교,1인수의,용역,"본관,별관,신관 냉.난방기 필터 청소",2819000,하이엠솔루텍주식회사
2026-04-10,인천갈월초등학교,1인수의,용역,각 실 천정형 선풍기 날개 청소비 지급,2810000,(주)삼성종합관리
2026-03-04,인천산곡초등학교,1인수의,용역,"선풍기 날개 청소 및 학급 냉난방기 필터, 커버 청소",2800000,온누리종합환경
2026-07-08,인천중산초등학교,1인수의,용역,여름철 집중호우 피해 예방을 위한 옥상 배수로 고압 청소 및 일부 방수,2789000,로운
2026-04-02,인천기계공업고등학교,1인수의,용역,제61회 전국기능경기대회 대비 실내환경 청소비용 지급,2780000,온누리종합환경
2026-04-27,인천장서초등학교,1인수의,용역,공기질 향상을 위한 선풍기 청소,2778600,(주)새한에이치엠
2026-05-11,인천구산초등학교,1인수의,용역,냉난방기 필터 및 선풍기 청소 실시,2777000,와우홈크리닝
2026-04-17,인천사리울중학교,1인수의,용역,교사동 선풍기 및 냉난방기 필터 청소 용역 실시,2776400,주식회사 크린웰
2026-04-17,인천용유초등학교,1인수의,용역,2026년도 배수로 청소 및 토사물 처리,2772000,지엠알엔터프라이즈
2026-06-26,인천화전초등학교,1인수의,용역,신관4층 영어전담5실 청소,2766500,창성크린
2026-05-08,인천백학초등학교,1인수의,용역,선풍기 및 냉난방기 필터 청소 대금 지급,2753000,모두의클린업협동조합
2026-06-11,인천해양과학고등학교,1인수의,용역,2026학년도 체육관 대청소 용역 대금 지급,2750000,세종
2026-04-27,인천과학예술영재학교,1인수의,용역,2026학년도 연못 청소 실시,2750000,형제크린
2026-03-06,인천반도체고등학교,1인수의,용역,본교 생태 연못 청소 작업 실시,2750000,그린 프로 청소
2026-04-21,인천도담초등학교,1인수의,용역,교내 선풍기 청소비 지급,2736800,주식회사 쎈큐
2026-04-27,인천청라중학교,1인수의,용역,교실 선풍기 청소,2728000,주식회사 에이스휴먼
2026-04-09,인천인동초등학교,1인수의,용역,2026학년도 선풍기 청소,2719200,주식회사 서광에스케이
2026-05-10,인천화전초등학교,1인수의,용역,교사동 선풍기 청소,2718000,창성크린
2026-04-14,인천원당고등학교,1인수의,용역,교내 선풍기 청소 실시,2710400,주식회사 춘풍
2026-03-01,인천공항초등학교,1인수의,용역,2026학년도 저수조 청소(하반기) 및 정기방역비,2705000,주덕인환경
2026-03-01,인천운남고등학교,1인수의,용역,2026년 3월 학교 청소 용역비 지급,2701400,동연개발(주)
2026-04-28,인천명선초등학교,1인수의,용역,2026학년도 여름철 대비 전체교실 및 특별실 선풍기 청소,2695550,주식회사 봄날엔청소
2026-04-20,인천계양초등학교,1인수의,용역,2026학년도 학교시설물(냉.난방기) 청소 실시,2675000,현대기획시설보수
2026-04-13,인천개흥초등학교,1인수의,용역,2026년 각 실(교실 포함) 에어컨 필터 및 선풍기 청소,2644000,하나공조
2026-07-14,인천발산초등학교,1인수의,용역,2026학년도 유치원 여름방학맞이 전체청소 및 놀이터 소독 실시,2620000,새롬시스템
2026-04-20,간재울중학교,1인수의,용역,2026 교내 선풍기 청소,2612000,주식회사 서광에스케이
2026-03-25,제물포고등학교,1인수의,용역,2026학년도 3월 화장실 청소용역비 지급,2609000,주식회사 태성벨
2026-07-23,인천연안초등학교,1인수의,용역,급식실 환기시설 및 식당 청소비 지급,2600000,자연환경 숨터
2026-07-21,부광중학교,1인수의,용역,"급식실 후드, 주방 및 식당 청소비 지급",2600000,청목(꼼꼼한사람들)
2026-07-20,인천병방초등학교,1인수의,용역,급식실 후드 및 식당바닥 청소비,2600000,주식회사 아톰
2026-07-20,서운중학교,1인수의,용역,2026학년도 상반기 급식실 후드 및 식당 바닥 청소비 지출,2600000,주식회사 아톰
2026-07-16,인천마전고등학교,1인수의,용역,급식실 후드 및 바닥 청소,2600000,주식회사 아톰
2026-07-15,인천연수초등학교,1인수의,용역,학교급식시설 청소(용역) 실시,2600000,주식회사 에어솔환경 경인지점
2026-07-15,인천주안초등학교,1인수의,용역,2026년 여름방학 급식실 후드 및 식당 청소비 지급,2600000,청목
2026-03-25,인천가정초등학교,1인수의,용역,2026학년도 학교급식시설 후드 청소(용역)비,2600000,주식회사 쎈큐
2026-03-17,상인천중학교,1인수의,용역,2026학년도 교내 방역(소독) 및 저수조 청소 실시,2600000,에이치클린
2026-03-13,부광고등학교,1인수의,용역,2026년 학교 정화조 청소 실시,2593000,삼우환경
2026-06-01,인천작동초등학교,1인수의,용역,2026년 정화조 청소 실시,2586200,황금환경 주식회사
2026-03-17,인천영종초등학교,1인수의,용역,2026학년도 연간 방역 및 저수조 청소 용역비 지급(금산분교 포함),2560000,(주)나래환경
2026-04-07,인천효성동초등학교,1인수의,용역,교내 선풍기 및 냉난방기 청소,2547000,와우홈크리닝
2026-04-24,부평서여자중학교,1인수의,용역,"각 실 선풍기, 냉난방기(필터) 청소",2536600,하나공조
2026-07-03,인천아람초등학교,1인수의,용역,2026학년도 유치원 1학기 놀잇감 소독 및 교실 청소,2530000,주식회사 지엘홀딩스
2026-05-27,선학중학교,1인수의,용역,강당 커텐 세탁 및 청소,2530000,온누리종합환경
2026-04-03,서운중학교,1인수의,용역,"교내 선풍기(날개, 커버) 세척 및 청소비 지급",2516800,(주)청소사랑
2026-04-17,부원중학교,1인수의,용역,2026년 선풍기 및 난방기 필터 청소 실시,2516000,새인클리너
2026-04-22,인천병방초등학교,1인수의,용역,본교 선풍기 및 냉난방기 필터 청소비,2512000,사회적협동조합 서해크린
2026-04-20,인천소래초등학교,1인수의,용역,선풍기 청소 세척 실시,2508000,(주)청소사랑
2026-07-21,가림고등학교,1인수의,용역,급식실 후드청소비 및 기타 급식시설 청소비,2500000,(주) 도담교육
2026-05-14,인천효성초등학교,1인수의,용역,2026학년도 학교급식시설 청소(용역)비 지원에 따른 청소비 지급,2500000,와우홈크리닝
2026-05-21,연수고등학교,1인수의,용역,교내 냉난방기 청소비 지급,2494800,클린에어존 수원점
2026-04-30,인천디자인고등학교,1인수의,용역,미세먼지 저감을 위한 선풍기 청소 실시,2475000,덕형코리아
2026-04-17,백석고등학교,1인수의,용역,미세먼지 저감 관련 선풍기 청소,2475000,제이원시스템
2026-04-03,만수북중학교,1인수의,용역,"선풍기, 냉난방기 청소용역비 지급",2474000,주식회사 크린웰
2026-05-21,인천가정초등학교,1인수의,용역,교내 선풍기 및 화장실 환풍기 세척 청소,2472000,블루윈드
2026-03-19,제물포고등학교,1인수의,용역,정화조 청소 실시,2463520,경동환경
2026-04-01,인천효성서초등학교,1인수의,용역,2026학년도 정화조 청소 작업비 지급,2451000,황금환경
2026-05-18,인천갈산초등학교,1인수의,용역,냉난방기 및 천정형 선풍기 청소,2449700,가람솔
2026-05-11,인천장도초등학교,1인수의,용역,천정형 선풍기 청소,2448600,미소앤미래로 사회적협동조합
2026-03-12,인천만수북초등학교,1인수의,용역,2026년 정화조 청소,2440600,남해환경
2026-05-08,인천문남초등학교,1인수의,용역,2026학년도 냉난방기 필터 및 선풍기 청소,2422200,주식회사 크린웰
2026-04-13,인천부흥초등학교,1인수의,용역,2026학년도 각 실 선풍기 청소,2402400,와우홈크리닝
2026-06-25,인천진산과학고등학교,1인수의,용역,2026학년도 상반기 급식소 조리실 및 식당 청소,2400000,청목(꼼꼼한사람들)
2026-05-27,강남영상미디어고등학교,1인수의,용역,2026년 상반기 학교급식 시설(배기후드외)청소 용역비 지출,2400000,클린에이치
2026-03-18,인천체육고등학교,1인수의,용역,2026학년도 학교급식시설 청소용역비 지급,2400000,주식회사 아톰
2026-04-16,인천공항중학교,1인수의,용역,2026학년도 각 실 선풍기 청소비 지급,2340000,주식회사 서광에스케이
2026-05-13,연수중학교,1인수의,용역,"2026학년도 선풍기,냉난방기필터 청소 용역",2325400,주식회사 크린웰
2026-03-26,인천반도체고등학교,1인수의,용역,2026년 3월 시설물청소 용역비 지급,2315700,네모클린 사회적협동조합
2026-06-04,인천신검단초등학교,1인수의,용역,공기정화장치 필터청소비 지급,2310000,엘에스시스템공조
2026-05-22,인천연송초등학교,1인수의,용역,2026년 천장형 선풍기 청소 용역 실시,2310000,(주)크린웰
2026-06-02,인천조동초등학교,1인수의,용역,교내 선풍기 및 냉난방기 필터 청소 실시,2306800,와우홈크리닝
2026-06-02,인천은송초등학교,1인수의,용역,2026학년도 여름철 천장형 냉난방기 필터 청소 실시비 지급,2304500,선명시스템
2026-04-17,인천미산초등학교,1인수의,용역,선풍기 및 냉난방기 필터 청소 실시,2301000,하나공조
2026-07-14,인천검암유치원,1인수의,용역,2026년도 방학 중 급식실 후드 및 청소 실시,2300000,더클린스쿨
2026-04-29,인천길주초등학교,1인수의,용역,선풍기 및 냉난방기 청소,2300000,주식회사 크린웰
2026-03-13,인천신석초등학교,1인수의,용역,2026년 교내 정화조 청소,2288000,세정실업
2026-07-06,인천능내초등학교,1인수의,용역,교사동 선풍기 청소작업,2280000,고구려환경
2026-04-28,인천현송초등학교,1인수의,용역,교내 전체 선풍기 청소 용역 실시,2250600,주식회사 크린웰
2026-04-30,검단고등학교,1인수의,용역,2026학년도 상반기 급식실 후드청소 및 기타청소 비용 지급,2250000,인천우진환경
2026-03-05,인천동부초등학교,1인수의,용역,신학기 신관동 교실 청소,2242000,모어클린
2026-07-18,인천고등학교,1인수의,용역,"정화조 청소(본관, 백주년기념관)",2227100,(주)새천년인천환경
2026-07-16,인천고잔유치원,1인수의,용역,2026년 상반기 배기후드 및 조리실 전체 청소 실시,2220000,클린 스탭
2026-03-31,강남중학교,1인수의,용역,2026학년도 교내 소독 및 저수조 청소 용역,2208000,대신환경방역공사
2026-03-05,인천아라초등학교,1인수의,용역,새학기 맞이 특별실 및 관리실 대청소 실시,2205000,무지개크린
2026-03-20,인천단봉중학교,1인수의,용역,3.1.자 개교에 따른 학교 지하주차장 입주청소 실시,2200000,주식회사 서광에스케이
2026-04-10,인천예일고등학교,1인수의,용역,2026학년도 하절기에어컨 필터 청소 지출,2174000,주식회사 신진환경
2026-06-17,인천계양초등학교,1인수의,용역,2026년 정화조 청소 실시,2166800,(주)황금환경
2026-04-24,인천새봄초등학교,1인수의,용역,2026학년도 교사동 선풍기 청소 실시,2164000,주식회사 서광에스케이
2026-03-17,인천해서초등학교,1인수의,용역,2026학년도 교내 방역 및 저수조 청소비 지급,2160000,대신환경방역공사
2026-03-27,부원여자중학교,1인수의,용역,교내 선풍기 청소 실시,2149000,와우홈크리닝
2026-07-01,인천대중예술고등학교,1인수의,용역,라온관 급식실 내 조리실무사 휴게실 화재로 인한 급식실 분진 청소 실시,2148000,고구려 환경
2026-03-25,인천전자마이스터고등학교,1인수의,용역,정화조 청소 실시,2130620,(주)남구정화조
2026-06-05,인천단봉중학교,1인수의,용역,선풍기 및 에어컨 청소 실시,2130200,주식회사 서광에스케이
2026-04-02,서곶중학교,1인수의,용역,선풍기 및 냉난방기 필터 청소 시행,2108700,블루윈드
2026-04-14,남인천여자중학교,1인수의,용역,천장형 선풍기 청소,2103200,제이원시스템
2026-04-21,인천송일초등학교,1인수의,용역,하절기 대비 선풍기 청소,2094400,(주)새한에이치엠
2026-07-09,연평중학교,1인수의,용역,3분기 저수조 청소 실시,2090000,대신환경방역공사
2026-07-16,백석고등학교,1인수의,용역,2026년 개인하수처리시설(정화조) 청소,2080000,검단정화조
2026-05-28,인천갈월초등학교,1인수의,용역,2026년 상반기 교내 냉난방기 필터 청소비 지급,2079000,하이엠솔루텍주식회사
2026-04-20,삼산중학교,1인수의,용역,교내 선풍기 청소 실시,2079000,준설비 주식회사
2026-05-18,인천여자고등학교,1인수의,용역,2026년 에어컨 필터 청소 용역비,2076000,고구려 환경
2026-03-25,인천단봉초등학교,1인수의,용역,2026학년도 급식소 및 교내동 년간 방역(소독) 및 저소조 청소 용역 실시,2074000,대중환경
2026-05-30,인천남촌초등학교,1인수의,용역,정화조 청소비 지급,2069000,덕수환경
2026-05-18,동인천고등학교,1인수의,용역,선풍기 청소 실시(S2B),2051000,두영
2026-07-06,남동중학교,1인수의,용역,급식실 후드 및 기타 급식 시설 청소 실시,2050000,형제홈케어
2026-03-17,서곶중학교,1인수의,용역,[품의]2026학년도 교내 방역 및 저수조 청소 실시,2050000,푸른환경개발
2026-03-31,논곡중학교,1인수의,용역,교실 및 특별실 선풍기 및 환풍기 청소 실시,2040500,블루윈드
2026-07-13,서곶중학교,1인수의,용역,급식실 후드 및 식당 바닥 청소 용역비 지급,2020000,배경주식회사
2026-08-06,논곡중학교,1인수의,용역,급식실 후드 청소 및 식당바닥청소 실시,2000000,스피드넷
2026-07-27,인천인수초등학교,1인수의,용역,급식실 후드청소 및 대청소 실시,2000000,주식회사 에어솔환경 경인지점
2026-07-20,인천심곡초등학교,1인수의,용역,교내 화장실 청소용역 실시(대청소),2000000,인천서구지역자활센터
2026-07-10,인천현송초등학교,1인수의,용역,2026년 학교급식시설 주방후드 내외부 및 식당 청소,2000000,스타청소박사
2026-07-08,인천상아초등학교,1인수의,용역,2026학년도 학교급식시설 청소(용역) 비 지급,2000000,(주)쎈큐
2026-07-07,인천봉화초등학교,1인수의,용역,２０２6학년도 여름방학 복도 대청소 실시,2000000,인천서구지역자활센터
2026-07-01,인천석남초등학교,1인수의,용역,2026년 하계방학 대청소 실시,2000000,인천서구지역자활센터
2026-06-15,인천청천초등학교,1인수의,용역,2026학년도 학교 실내체육시설 청소용역비 지출,2000000,주식회사 청소사랑
2026-04-01,구산중학교,1인수의,용역,교내 천정형 및 벽걸이 선풍기 청소 실시,2000000,에이치 홈 닥터 케어
2026-03-27,제물포여자중학교,1인수의,용역,2026년 하절기 대비 선풍기 청소 실시,1986600,(주)새한에이치엠
2026-05-12,인천아라고등학교,1인수의,용역,학생화장실(남) 청소 용역비 지급,1980000,와우홈크리닝
2026-03-05,신송고등학교,1인수의,용역,과학실 및 복도 마포걸이 청소 대금 지급,1980000,(주)크린웰
2026-04-08,계양고등학교,1인수의,용역,2026년 정화조 청소 실시,1962200,(주)황금환경
2026-04-29,인천용현남초등학교,1인수의,용역,천장형 선풍기 청소 실시,1960200,(주)크린웰
2026-04-03,인천예술고등학교,1인수의,용역,2026학년도 정화조 청소 실시,1953880,그린환경
2026-06-19,인천가좌초등학교,1인수의,용역,배수로 정비 및 청소 실시,1951000,케이에이치종합건설
2026-05-14,인천국제고등학교,1인수의,용역,2026년도 연간 학교급식시설 상반기 청소 실시,1950000,청목(꼼꼼한사람들)
2026-07-07,관교여자중학교,1인수의,용역,2026년 정화조 청소 실시,1937620,(주)인천산업공사
2026-04-06,인천담방초등학교,1인수의,용역,선풍기 및 냉.난방기 필터 청소,1925000,토탈크린68
2026-06-18,계산여자고등학교,1인수의,용역,2026년도 오수정화조 청소,1920000,쎄븐환경
2026-04-02,가좌중학교,1인수의,용역,정화조 청소 실시,1920000,서인천환경(주)
2026-05-03,인천송명초등학교,1인수의,용역,냉난방기 필터 청소,1914000,세종
2026-04-24,학익여자고등학교,1인수의,용역,미세먼지 저감을 위한 선풍기 청소비 지급,1914000,주식회사 윤빛이엔씨
2026-04-17,능허대중학교,1인수의,용역,교실 및 관리실 선풍기 청소,1904000,주식회사 신진환경
2026-05-17,부원중학교,1인수의,용역,2026학년도 오수정화조 청소 실시,1901800,신명환경
2026-04-16,인천부개서초등학교,1인수의,용역,전체 교사동 천장형 선풍기 청소 실시,1900800,고구려환경
2026-04-06,부평중학교,1인수의,용역,깨끗한고 안전한 학교환경조성을 위한 선풍기 세척(청소)비 지급,1892000,(주)청소사랑
2026-04-23,인천검단꿈유치원,1인수의,용역,천장형 선풍기 날개 및 냉난방기 필터 청소 및 세척 실시,1889800,두영
2026-04-01,구월중학교,1인수의,용역,교실 및 특별실 선풍기 청소비,1886500,세종
2026-06-23,인천마장초등학교,1인수의,용역,각 실 선풍기 청소,1881000,(주) 크린웰
2026-07-24,인천계산초등학교,1인수의,용역,2026년도 정화조 청소 실시,1879000,황금환경 주식회사
2026-07-16,인천인동초등학교,1인수의,용역,정화조 청소,1879000,맑은환경
2026-03-27,만수중학교,1인수의,용역,정화조 청소 실시,1879000,그린환경
2026-04-21,인천사리울초등학교,1인수의,용역,2026년도 선풍기 청소 실시,1871100,블루윈드
2026-04-30,인천십정초등학교,1인수의,용역,"2026년도 천정형 선풍기 날개 및 냉,난방기 청소 실시 건",1867000,토탈크린68
2026-04-20,인천신석초등학교,1인수의,용역,교내 천장형 선풍기 청소,1855700,하나공조
2026-04-15,인천부현동초등학교,1인수의,용역,교내 선풍기 청소비 실시,1855700,와우홈크리닝
2026-07-24,인천운남초등학교,1인수의,용역,급식실 후드 및 식당바닥 청소,1850000,인천우진환경
2026-07-22,인천안남초등학교,1인수의,용역,2026년 학교급식시설 청소(용역),1850000,블루윈드
2026-07-22,인천송림초등학교,1인수의,용역,급식실 상반기 후드 및 기타 청소비 지급,1850000,인천우진환경
2026-07-22,구월여자중학교,1인수의,용역,2026학년도 상반기 학교급식시설(후드 외) 청소,1850000,인천우진환경
2026-07-21,함박중학교,1인수의,용역,"급식실 후드, 바닥 청소 실시",1850000,(주)쎈큐
2026-07-21,만수북중학교,1인수의,용역,급식실 주방 및 학생식당 청소,1850000,청목(꼼꼼한사람들)
2026-07-21,검암중학교,1인수의,용역,급식실 후드 및 기타청소 실시,1850000,인천우진환경
2026-07-20,인천부광초등학교,1인수의,용역,학교급식시설 여름방학 중 청소 용역비,1850000,인천우진환경
2026-07-20,부흥중학교,1인수의,용역,급식실 여름방학 중 후드 및 기타청소 실시,1850000,형제홈케어
2026-07-20,인천한별초등학교,1인수의,용역,2026학년도 상반기 급식실 후드 등 청소 실시,1850000,인천우진환경
2026-07-16,인천미산초등학교,1인수의,용역,2026학년도 학교급식시설 청소(후드 및 식당)비,1850000,인천우진환경
2026-07-15,인천백학초등학교,1인수의,용역,급식실 후드 및 바닥 등 청소 실시,1850000,인천우진환경
2026-07-15,인천효성남초등학교,1인수의,용역,급식실 후드 및 시설 청소 실시,1850000,디에스클린
2026-07-13,인천간석초등학교,1인수의,용역,급식실 청소 용역비 지급,1850000,인천우진환경
2026-06-30,인천신현북초등학교,1인수의,용역,26년 상반기 급식실 후드 및 식생활관 청소 실시,1850000,청소공방
2026-06-26,인천문남초등학교,1인수의,용역,2026학년도 1차 학교급식시설(후드및 각종 시설) 청소비 지급,1850000,(주)도담교육
2026-05-15,만수여자중학교,1인수의,용역,선풍기 분해 청소 실시,1848000,모어클린
2026-04-27,인천신송초등학교,1인수의,용역,교내 천정형 선풍기 청소,1834800,(주)크린웰
2026-05-13,인천아람초등학교,1인수의,용역,에어컨 필터청소 실시,1830000,온누리종합환경
2026-03-11,불로중학교,1인수의,용역,2026학년도 방역 및 저수조 청소 실시,1830000,대중환경
2026-03-04,인천원당고등학교,1인수의,용역,교실 및 관리실 등 냉난방기 필터 청소 실시,1804000,주식회사 춘풍
2026-06-24,인천경서초등학교,1인수의,용역,"2026학년도 상반기 급식실 후드 및 주방,식당 바닥 청소 실시",1800000,(주)라온클리닝
2026-04-29,인천한별초등학교,1인수의,용역,2026학년도 유치원 화장실 청소 비용 지급,1800000,주식회사 에어솔환경 경인지점
2026-07-21,동인천고등학교,1인수의,용역,급식실 후드 및 기타 청소 실시,1793000,스타청소박사
2026-05-20,인천효성서초등학교,1인수의,용역,선풍기 분해 청소 실시,1776000,(주)크린인천
2026-04-01,만월중학교,1인수의,용역,교내 선풍기 청소 실시,1762200,주식회사크린웰
2026-04-13,인천영종초등학교,1인수의,용역,4월 영종초 학교급식시설 청소(용역)비 지급,1760000,세종
2026-05-22,인천하정초등학교,1인수의,용역,선풍기 청소 실시,1757000,와우홈크리닝
2026-05-22,인천가석초등학교,1인수의,용역,2026년도 학교내 정화조 청소 대금 지급,1753000,서인천환경(주)
2026-07-20,문학정보고등학교,1인수의,용역,급식실 후드 및 식당 청소비 지급,1750000,스쿨존
2026-04-15,인천운남고등학교,1인수의,용역,당직실 및 시설물청소원실 샤워실 순간온수기 설치,1750000,포시즌코리아
2026-03-03,인천영선초등학교,1인수의,용역,2026학년도 교사동 방역 및 저수조 청소 용역 실시,1746000,동연개발(주)
2026-07-21,인천용일초등학교,1인수의,용역,정화조 청소,1744620,남구정화조
2026-04-30,인천인주초등학교,1인수의,용역,정화조 청소 실시,1744620,(주)남구정화조
2026-03-27,인천연학초등학교,1인수의,용역,2026년도 정화조 청소비 지급,1744620,(주)남구정화조
2026-06-19,부평서중학교,1인수의,용역,2026년 정화조 청소비 지급,1732000,북구환경 (주)
2026-04-27,인천만수초등학교,1인수의,용역,교내 선풍기 청소 실시,1728000,(주)더오름기획
2026-05-20,가림고등학교,1인수의,용역,2026년도 정화조 청소 실시,1720780,청명환경
2026-05-14,청학중학교,1인수의,용역,교내 선풍기 청소 실시,1717100,(주)새한에이치엠
2026-04-29,인천신현북초등학교,1인수의,용역,교내 선풍기 청소 실시,1717100,와우홈크리닝
2026-04-02,작전중학교,1인수의,용역,천정형 및 벽걸이 선풍기 청소,1709400,와우홈크리닝
2026-04-17,인천작전초등학교,1인수의,용역,각실 선풍기 청소 작업,1699500,제이원시스템
2026-04-06,인천학익초등학교,1인수의,용역,"본관, 신관, 급식소 선풍기 청소",1699500,제이원시스템
2026-05-21,인천미송유치원,1인수의,용역,"각종 기계설비(냉난방기, 공기청정기, 에어커튼) 필터 교체 및 청소",1698400,블루윈드
2026-04-16,인천석암초등학교,1인수의,용역,2026학년도 선풍기 청소비 지급,1695000,준설비 주식회사
2026-04-09,인천서화초등학교,1인수의,용역,"초등, 유치원 어린이 놀이시설 청소 실시",1680000,온누리종합환경
2026-06-18,북인천여자중학교,1인수의,용역,정화조 청소 실시,1671000,황금환경(주)
2026-03-09,상인천중학교,1인수의,용역,2025 정화조 청소 실시,1671000,남해환경(주)
2026-06-11,가좌고등학교,1인수의,용역,2026년 정화조 청소 실시,1664000,(주)정진환경
2026-04-17,안남고등학교,1인수의,용역,선풍기 청소 실시,1663200,고구려환경
2026-04-27,인천경서초등학교,1인수의,용역,경서초 냉방기 가동을 위해 청소 실시,1651000,하나공조
2026-07-24,임학중학교,1인수의,용역,급식실 집수정 내부 탱크 청소,1650000,주식회사 비비에스
2026-07-22,백석고등학교,1인수의,용역,급식실 후드 및 바닥 청소,1650000,주식회사 아톰
2026-05-29,인천서창초등학교,1인수의,용역,2026학년도 학교급식 시설 청소(용역)비 지원사업에 따른 조리실 후드 및 바닥 청소 실시,1650000,주식회사아톰
2026-05-22,인천청람초등학교,1인수의,용역,2026학년도 학교도서관 대청소,1650000,제이디아이
2026-05-22,인천부내초등학교,1인수의,용역,2026년도 선풍기 청소 실시,1650000,주식회사 크린웰
2026-04-27,마니산유치원,1인수의,용역,유치원 외부 피난계단로 외벽 청소 실시,1650000,(주)쎈큐
2026-04-17,강남중학교,1인수의,용역,"본관 에어컨필터,선풍기, 길상관, 학생체육관 화장실 청소실시",1650000,늘푸른세상주식회사
2026-04-09,인천부개초등학교,1인수의,용역,본관 및 신관 천장형 선풍기 청소 실시,1650000,하나공조
2026-03-06,인천하정초등학교,1인수의,용역,학교 건물 현관 출입문(유리문) 청소 실시,1650000,주식회사 신진환경
2026-03-06,인천삼목초등학교,1인수의,용역,오수관 준설(청소 및 퇴적물 제거) 작업,1650000,주식회사 제이원개발
2026-07-02,선화여자중학교,1인수의,용역,정화조 청소 실시(2026년 7월)(7/24),1648120,(주)남구정화조
2026-05-26,산곡여자중학교,1인수의,용역,정화조 청소 실시,1641000,삼우환경
2026-03-25,인천서면초등학교,1인수의,용역,2026학년도 교내 선풍기 청소비,1640100,주식회사 서광에스케이
2026-04-13,인천만석초등학교,1인수의,용역,교실 및 특별실 선풍기 청소 실시,1628000,서광에스케이
2026-05-07,인천운서중학교,1인수의,용역,2026년 에너지절약 및 쾌적한 교육환경 제공 위한 선풍기 청소 실시,1609300,주식회사 춘풍
2026-04-29,인천작동초등학교,1인수의,용역,선풍기 청소,1601600,가람솔
2026-07-23,인천건지초등학교,1인수의,용역,2026학년도 상반기 급식실 후드 및 기타 청소비 지급,1600000,주식회사 에어솔환경 경인지점
2026-04-30,인천소양초등학교,1인수의,용역,2026년 하절기 대비 선풍기 및 화장실 환풍기 청소,1600000,주식회사 더블유제이코리아
2026-04-06,인천남동초등학교,1인수의,용역,각실 천정형 선풍기 청소 작업비 지급,1590600,주식회사 봄날엔청소
2026-03-11,용현중학교,1인수의,용역,정화조 청소 실시,1590200,(주)남구정화조
2026-04-22,인천만수고등학교,1인수의,용역,교실 및 특별실 선풍기 청소,1570800,블루윈드
2026-04-15,선학중학교,1인수의,용역,각 실별 선풍기 청소,1570000,나우종합관리주식회사
2026-03-17,인천서화초등학교,1인수의,용역,2026학년도 학교 소독 및 저수조 청소 실시,1570000,정도환경
2026-04-24,관교중학교,1인수의,용역,"2026학년도 여름을 맞이하여 교실, 특별실 및 급식실 선풍기 청소 실시",1555400,제이원시스템
2026-07-24,강남중학교,1인수의,용역,2026학년도 상반기 급식실 후드 및 급식시설 대청소 실시,1550000,청소공방
2026-07-23,인천용현남초등학교,1인수의,용역,2026년 상반기 급식실 후드 및 바닥 청소 비용 지급,1550000,주식회사아톰
2026-04-20,석정중학교,1인수의,용역,교내 각 실 선풍기 청소,1547700,와우홈크리닝
2026-04-20,인천천마초등학교,1인수의,용역,정화조 청소 실시,1536210,청명환경
2026-06-25,연수중학교,1인수의,용역,별관동 옥상 낙엽 청소 및 환경정비,1510000,주식회사 크린웰
2026-05-18,인천송일초등학교,1인수의,용역,하절기 냉난방기 필터 청소,1507000,(주)새한에이치엠
2026-05-26,인천금곡초등학교,1인수의,용역,교실 및 특별실 선풍기 청소비 지급(S2B),1501500,두영
2026-07-24,인천구산초등학교,1인수의,용역,2026학년도 급식실 후드 청소(상반기),1500000,주식회사 아톰
2026-07-23,작전중학교,1인수의,용역,2026년도 급식실 청소 실시,1500000,주식회사 아톰
2026-07-21,인천봉수초등학교,1인수의,용역,2026년 급식실 학생식당 바닥 청소 비용 지급,1500000,주식회사 아톰
2026-07-20,인천부개서초등학교,1인수의,용역,급식실 후드청소비 지급,1500000,(주) 도담교육
2026-07-15,인천해서초등학교,1인수의,용역,급식실 후드 및 기타 급식시설 청소(용역)비 지급,1500000,주식회사 아톰
2026-07-15,인천아람초등학교,1인수의,용역,급식실 후드 청소,1500000,인천우진환경
2026-07-14,제물포중학교,1인수의,용역,"학교급식시설(후드, 바닥) 청소비 지출",1500000,주식회사 아톰
2026-04-28,인천새봄초등학교,1인수의,용역,2026학년도 상반기 급식실 후드 및 식당바닥 청소 실시,1500000,주식회사 에어솔환경 경인지점
2026-05-19,인천고잔고등학교,1인수의,용역,냉난방기 필터 청소 실시,1496000,주식회사 크린웰
2026-06-16,신송고등학교,1인수의,용역,운동장 배수로 청소 대금 지급,1491500,(주)진영공영
2026-05-11,강화고등학교,1인수의,용역,기숙사 냉난방기 그릴 및 필터 청소,1485200,두영
2026-04-29,부평서중학교,1인수의,용역,2026학년도 선풍기 청소 세척 비용 지급,1478400,블루윈드
2026-06-19,인천부개서초등학교,1인수의,용역,2026학년도 정화조 청소 실시,1474400,인천환경
2026-07-23,인천남동초등학교,1인수의,용역,2026학년도 정화조 내부청소비 지급,1467160,남해환경(주)
2026-06-05,구월중학교,1인수의,용역,정화조 청소비,1467000,푸른환경
2026-05-04,인천창영초등학교,1인수의,용역,2026년 정화조 청소 실시,1464000,동구정화조
2026-07-02,인천구월초등학교,1인수의,용역,2026년 정화조 청소비,1463000,주식회사 현대환경
2026-04-07,청천중학교,1인수의,용역,교내 선풍기 청소,1456000,에이치 클린
2026-06-15,인천석암초등학교,1인수의,용역,2026년 정화조 청소 실시비 지급,1455120,주식회사 남부건설환경
2026-04-13,인천은지초등학교,1인수의,용역,선풍기 및 화장실환풍기 청소 실시,1452000,(주)크린웰
2026-07-02,계산공업고등학교,1인수의,용역,정화조 청소 실시,1442200,황금환경 주식회사
2026-05-29,인천용마초등학교,1인수의,용역,2026학년도 냉난방기 필터 청소 용역비 지급,1435500,삼성시스템.E.N.G
2026-05-15,인천계산초등학교,1인수의,용역,냉난방기 필터 및 선풍기 분해 청소 실시,1435500,창성크린
2026-06-16,인천석남서초등학교,1인수의,용역,정화조 청소,1431200,주식회사 미래정화조
2026-07-15,인천이음고등학교,1인수의,용역,2026학년도 상반기 급식실 후드 청소 비용 지급,1430000,주식회사 아톰
2026-04-22,관교여자중학교,1인수의,용역,학교장터-교실 및 특별실 선풍기 청소 실시 (2026.04.25),1425600,주식회사 서광에스케이
2026-04-14,인천동암초등학교,1인수의,용역,교실 선풍기 청소 작업 실시,1419600,블루윈드
2026-04-22,부평고등학교,1인수의,용역,교내 선풍기 청소 용역비 지급,1416800,와우홈크리닝
2026-06-02,인천창영초등학교,1인수의,용역,2026 유치원 다함께 안심환경 조성 공모 사업 유치원 놀이터 이끼제거 및 청소비 지급,1413500,클린피크
2026-03-13,인천예일중학교,1인수의,용역,청소원 휴게실 환경개선(장판 교체 및 도배),1410000,나래씨엔아이
2026-04-24,인천남고등학교,1인수의,용역,선풍기 청소 실시,1409100,아이클린 경인점
2026-04-23,인천남고등학교,1인수의,용역,선풍기 청소 실시,1409100,아이클린청소팀
2026-04-21,연성중학교,1인수의,용역,교내 천장형 선풍기 청소 실시,1405800,주식회사 크린웰
2026-07-08,인천심곡초등학교,1인수의,용역,2026학년도 여름방학중 급식시설 청소(용역)비,1400000,인천우진환경
2026-05-06,인천아라중학교,1인수의,용역,2026학년도 학생식당내 바닥기계청소 용역비 지급,1400000,(주)제일비엠에스
2026-04-17,만성중학교,1인수의,용역,"교내 천장형 선풍기 분해, 청소 실시",1393700,세종
2026-05-29,강화여자고등학교,1인수의,용역,미세먼지 저감을 위한 기숙사 에어컨 필터 청소 대금 지급,1386000,에이치클린
2026-05-27,인천신선초등학교,1인수의,용역,교내 선풍기 청소 실시,1386000,세종
2026-05-07,신현여자중학교,1인수의,용역,교내 교실 선풍기 청소 실시,1378300,아이클린 경인점
2026-04-22,논곡중학교,1인수의,용역,정화조 청소 실시,1359000,남해환경(주)
2026-03-28,동인천중학교,1인수의,용역,정화조 청소비(교사동 및 강당동),1359000,남해환경
2026-03-17,만수북중학교,1인수의,용역,정화조 청소 실시,1359000,주은환경주식회사
2026-04-17,인천불로초등학교,1인수의,용역,여름철 대비 각 실 선풍기 청소용역 실시,1355200,주식회사 춘풍
2026-04-21,인천이음초등학교,1인수의,용역,[카드] 2026학년도 초등돌봄교실 청소기 수리 및 부품 구입,1354300,엘지전자 주식회사
2026-07-13,인천완정초등학교,1인수의,용역,2026학년도 1학기 급식실 후드 및 기타청소비,1350000,더클린스쿨
2026-06-30,인천영종초등학교,1인수의,용역,2026학년도 유치원 교실 및 교구 살균 소독 청소 실시,1350000,새롬시스템
2026-04-17,인천주원초등학교,1인수의,용역,교사동 및 강당동 각실 선풍기 청소용역 실시,1339800,주식회사 크린웰
2026-04-09,인천선학초등학교,1인수의,용역,선풍기 청소 실시,1330000,더그린클린
2026-06-10,인천연송초등학교,1인수의,용역,"교내 화단 환경 구성 및 잡초, 배수로 청소 작업",1321000,우성화원
2026-06-08,연평중학교,1인수의,용역,2분기 저수조 청소 실시,1320000,대신환경방역공사
2026-04-30,인천대중예술고등학교,1인수의,용역,"다목적강당 및 급식소, 공연실습장 증축에 따른 건물 사용 전 내부 청소 실시",1320000,동연개발(주)
2026-03-27,논곡중학교,1인수의,용역,2층 다목적실 바닥 매트 철거 및 청소 실시,1320000,클린파인더
2026-03-11,연평중학교,1인수의,용역,1분기 저수조 청소 실시,1320000,대신환경방역공사
2026-04-28,인천명선초등학교,1인수의,용역,2026학년도 각실 냉난방기 실내기 먼지필터 청소,1308000,하나공조
2026-07-22,인천산업정보학교,1인수의,용역,2026학년도 상반기 급식실 후드 청소 실시 지출,1300000,인천우진환경
2026-07-22,인천부현초등학교,1인수의,용역,2026학년도 학교급식시설 청소(용역)비 지원에 따른 여름방학중 청소 계획,1300000,와우홈크리닝
2026-07-14,인천한길초등학교,1인수의,용역,"2026학년도 상반기 학교급식 시설(후드,조리실,식당바닥) 청소 실시",1300000,인천우진환경
2026-07-14,인천산곡북초등학교,1인수의,용역,2026년 상반기 급식실 후드 및 기타 청소비 지출,1300000,인천우진환경
2026-06-26,인천봉수초등학교,1인수의,용역,강당동 계단 및 홀 바닥 청소,1300000,(주)뉴크린아트
2026-04-10,인천갈월초등학교,1인수의,용역,[학교급식] 학교급식시설 청소(용역)비,1300000,청목(꼼꼼한사람들)
2026-07-21,신현중학교,1인수의,용역,2026년도 정화조 청소 실시,1289600,주식회사 미래정화조
2026-03-11,인천고등학교,1인수의,용역,백주년 기념관 화장실 청소 실시(2~4층 6실),1280000,주식회사 크린웰
2026-04-01,석정중학교,1인수의,용역,청소원휴게실 냉난방기 철거 및 교체 구입 설치,1269400,삼성전자서비스(삼성시스템 ENG)
2026-04-08,용현중학교,1인수의,용역,교실 및 특별교실 선풍기 청소비 지급,1262800,(주)춘풍
2026-05-22,선인중학교,1인수의,용역,2026년도 정화조 청소 용역 대금 지급,1262100,장안실업
2026-04-13,인천신광초등학교,1인수의,용역,2026학년도 상/하반기 저수조 청소 비용 지급,1254000,대신환경방역공사
2026-07-20,인천검단호수초등학교,1인수의,용역,급식실 상반기 후드청소 용역비 지급,1250000,청목(꼼꼼한사람들)
2026-03-18,인천가현초등학교,1인수의,용역,교실 노후 바닥 개선을 위한 청소비,1250000,와우홈크리닝
2026-05-22,인천영선고등학교,1인수의,용역,2026학년도 정화조 청소대금 지급,1245000,그린환경
2026-04-07,관교중학교,1인수의,용역,2026학년도 여름 냉방기 가동을 위한 필터 청소 실시,1243000,제이원시스템
2026-06-12,부개여자고등학교,1인수의,용역,정행관 하브루타실 청소 용역,1235300,마스터크린
2026-05-14,인천신촌초등학교,1인수의,용역,2026학년도 선풍기 청소 실시,1234800,블루윈드
2026-07-08,인천해든초등학교,1인수의,용역,시설물청소원 병가에 따른 청소 대체근무 용역 실시,1230000,동연개발(주)
2026-03-27,인천명선초등학교,1인수의,용역,급식소 외부배관 소통 및 맨홀 청소,1224000,(주)진영공영
2026-04-22,인천간석초등학교,1인수의,용역,일반교실 및 관리실 에어컨 청소 실시,1220000,온누리종합환경
2026-05-19,인천청량초등학교,1인수의,용역,교내 선풍기 청소 실시,1214000,주식회사 서광에스케이
2026-07-27,동인천중학교,1인수의,용역,급식실 스팀보일러 세관 청소비 지급,1210000,(주)부스타
2026-04-23,인천여자고등학교,1인수의,용역,생태연못 청소 관리비 지출,1210000,조경나라
2026-07-14,인천계산초등학교,1인수의,용역,2026학년도 학교급식실 후드청소(8월)비 지급,1200000,인천우진환경
2026-06-08,인천미송유치원,1인수의,용역,지하주차장 바닥 청소,1200000,동연개발(주)
2026-04-15,안남고등학교,1인수의,용역,정화조 청소,1192600,황금환경
2026-05-20,신흥중학교,1인수의,용역,2026학년도 선풍기 청소,1185800,(주)새한에이치엠
2026-06-10,부개여자고등학교,1인수의,용역,2026년 정화조 청소,1180100,인천환경
2026-05-19,인천선학초등학교,1인수의,용역,냉방기(에어컨) 필터 청소 실시,1176450,더그린클린
2026-07-03,부개고등학교,1인수의,용역,2026년 학교 정화조 청소비 지급,1171800,인천환경
2026-04-23,인화여자중학교,1인수의,용역,2026년도 오수 정화조 청소,1165620,(주)인천환경개발공사
2026-04-24,인천상정초등학교,1인수의,용역,각 실 선풍기 청소,1162700,두영
2026-05-27,인천운남고등학교,1인수의,용역,상반기 에어컨 필터 청소,1158000,주식회사 서광에스케이
2026-04-17,인천계양초등학교,1인수의,용역,2026학년도 학교시설물(선풍기) 청소 실시,1155000,현대기획시설보수
2026-06-15,작전고등학교,1인수의,용역,학교 정화조 청소 실시,1151000,황금환경 주식회사
2026-04-23,검단고등학교,1인수의,용역,교내 공동구역 청소 비용 지급,1150000,(주)더불림
2026-04-27,인천장서초등학교,1인수의,용역,공기질 향상을 위한 교실 냉.난방기 필터 청소,1144000,(주)새한에이치엠
2026-07-03,가정여자중학교,1인수의,용역,2026년 정화조 청소 실시비 지급,1128120,연희환경
2026-04-03,인천영선초등학교,1인수의,용역,교내 선풍기 청소,1124200,와우홈크리닝
2026-06-23,인천남촌초등학교,1인수의,용역,2026년 냉난방기 청소용역 실시,1122000,제이원시스템
2026-03-25,인천새말초등학교,1인수의,용역,2026학년도 에코스마트팜 1차 식재 재료 구입 및 장비 청소,1115000,주식회사 그린베어
2026-06-17,인천송도초등학교,1인수의,용역,"본관동, 후관동, 강당동 등 냉난방기 필터 청소비",1105500,제이원시스템
2026-07-24,인천예일중학교,1인수의,용역,2026학년도 상반기 학교급식시설 청소(용역)비 지급,1100000,청목(꼼꼼한 사람들)
2026-07-20,인천신흥초등학교,1인수의,용역,2026학년도 학교급식 1차 후드청소 실시,1100000,(주)쎈큐
2026-07-20,인천승학초등학교,1인수의,용역,2026학년도 학교급식시설 청소(용역)비 지원에 따른 후드 청소 실시,1100000,주식회사 아톰
2026-07-20,인천당하중학교,1인수의,용역,2026학년도 상반기 급식실 후드덕트 청소 실시,1100000,창커뮤니케이션
2026-07-15,인천갈산초등학교,1인수의,용역,급식실 후드 및 급식실 청소 실시,1100000,주식회사 아톰
2026-07-14,인천상정고등학교,1인수의,용역,2026학년도 상반기 급식실 후드 청소 실시,1100000,주식회사 아톰
2026-07-08,인천길주초등학교,1인수의,용역,2026학년도 상반기 급식실 후드 청소,1100000,홈케어프로
2026-07-06,인천청선학교,1인수의,용역,장애인 경사로 및 다목적실 청소 용역,1100000,클린에어존
2026-07-03,용현여자중학교,1인수의,용역,2026년 급식실 후드 청소비 지급 (1학기),1100000,더클린
2026-07-03,가좌고등학교,1인수의,용역,급식실 외부덕트 청소,1100000,(주)쎈큐
2026-07-03,인천별빛초등학교,1인수의,용역,유치원 실내놀이터 청소 비용 지급,1100000,하트크린
2026-06-12,인천청호중학교,1인수의,용역,(중등) 학교급식 후드전문업체 청소(용역)비 지급,1100000,에어솔환경
2026-06-01,인천뷰티예술고등학교,1인수의,용역,2026년 제1차 급식소 후드 청소비 지급,1100000,하트크린
2026-05-22,작전중학교,1인수의,용역,2026년도 상반기 급식실 후드 청소 실시,1100000,창커뮤니케이션(미르엔)
2026-04-08,인천초은초등학교,1인수의,용역,유치원 실외놀이터 물청소비 지급,1100000,깨끗한 녀석들
2026-04-06,인천서로꿈유치원,1인수의,용역,지하주차장 대청소 실시,1100000,와우홈크리닝
2026-03-13,인천하늘중학교,1인수의,용역,학교 지하주차장 청소비 지급,1100000,신반장설비
2026-03-20,인천승학초등학교,1인수의,용역,2026학년도 각 실 선풍기날개 청소실시,1099000,토탈크린68
2026-05-11,인천부평초등학교,1인수의,용역,교내 천장형 선풍기 청소 비용지급,1093950,제이원시스템
2026-05-19,인천중앙초등학교,1인수의,용역,각 교실 및 특별실 선풍기 청소 실시,1093400,(주)새한에이치엠
2026-05-10,인천화전초등학교,1인수의,용역,천정형 냉난방기 필터 청소,1060000,창성크린
2026-03-27,남동중학교,1인수의,용역,교실 및 특별실(관리실) 선풍기 날개 청소,1056000,(주)크린웰
2026-05-21,인천천마초등학교,1인수의,용역,교실 선풍기 청소용역 실시,1054900,동연개발주식회사
2026-07-20,인천효성동초등학교,1인수의,용역,학교급식실 후드 청소 실시,1050000,인천우진환경
2026-05-13,인천검암초등학교,1인수의,용역,냉난방기 필터 청소비 지급,1042800,하나공조
2026-05-18,구월여자중학교,1인수의,용역,2026년 상반기 냉난방기 필터 청소,1030000,와우홈크리닝
2026-04-16,인천아라고등학교,1인수의,용역,2026년 4월 청소인력 대체 용역비 지급,1025400,주식회사 동연개발
2026-05-22,인천하정초등학교,1인수의,용역,냉난방기 필터청소 실시,1001000,하나공조
2026-07-02,인천송림초등학교,1인수의,용역,"신관 각 실 창문 방진망,방충망 청소비 지급",1000000,온누리종합환경
2026-05-04,인천산곡고등학교,1인수의,용역,상반기 교내 저수조 청소 실시,1000000,상록토탈
2026-03-06,인천도림초등학교,1인수의,용역,"유치원 청소 및 방역, 소독",1000000,그린홈케어
2026-03-06,검단고등학교,1인수의,용역,학교 계단 등 청소 작업 비용 지급,1000000,(주)더불림
2026-06-11,인천푸른빛유치원,1인수의,용역,냉난방기 필터 필터 및 선풍기 청소,998000,와우홈크리닝
2026-04-27,인천연송고등학교,1인수의,용역,선풍기 청소 실시,992000,준설비 주식회사
2026-07-14,인천아라꿈유치원,1인수의,용역,2026년 상반기 조리실 후드청소,990000,스타청소박사
2026-05-22,인천백운초등학교,1인수의,용역,상반기 조리실 후드 청소,990000,청목(꼼꼼한사람들)
2026-03-10,인천송도꿈유치원,1인수의,용역,2026학년도 원내 방역 및 저수조 청소 용역비 지급,990000,동연개발 주식회사
2026-03-03,인천광역시교육청학생교육문화회관,1인수의,용역,"2026년 대공연장 프로젝터 필터 교체 및 수리, 내부청소",990000,(주)사운드코리아이엔지
2026-06-20,인천장수초등학교,1인수의,용역,2026년 정화조 청소 실시,980440,덕수환경(주)
2026-03-19,인천동방초등학교,1인수의,용역,2026년도 정화조 청소비 지급,980000,남해환경
2026-03-04,인천청람중학교,1인수의,용역,시설물 소규모 수선(냉난방기 필터 청소),979000,하나공조
2026-05-11,인천검암초등학교,1인수의,용역,2026학년도 급식실 온수탱크 누수수리 및 온수탱크 분해청소,964700,미우라엔텍
2026-06-04,인천청선학교,1인수의,용역,2026년도 학교 정화조 청소 실시,963800,주은환경(주)
2026-06-18,인천동부초등학교,1인수의,용역,2026년 정화조 청소 실시,963000,푸른환경
2026-04-11,결마루미래학교,1인수의,용역,2026년 정화조 청소 실시,963000,그린환경
2026-04-30,인천마장초등학교,1인수의,용역,2026년 정화조 청소 실시,955000,삼우환경
2026-03-25,인천진산과학고등학교,1인수의,용역,기숙사 계기실 온수펌프교체 및 집수정 청소,950000,케이에이치종합건설 주식회사
2026-06-15,인천귤현초등학교,1인수의,용역,2026학년도 저수조 청소 실시,946000,대신환경방역공사
2026-07-12,인천당산초등학교,1인수의,용역,2026학년도 정화조 청소비 지급,943000,황금환경 주식회사
2026-06-19,강남영상미디어고등학교,1인수의,용역,교사동 냉난방기 필터 청소 실시,941600,인점시스템
2026-06-02,인천가좌여자중학교,1인수의,용역,2026년 본관 오수정화시설 청소,911140,서인천환경(주)
2026-07-07,삼성초등학교,1인수의,용역,2026년 상반기 급식실 후드 및 식당 대청소,900000,청소공방
2026-05-22,인천이음중학교,1인수의,용역,스포츠데이 아이아드경기장 화장실 청소비 지급,900000,주식회사 서광에스케이
2026-05-11,인천경명초등학교,1인수의,용역,2026년 5월 급식실 후드청소비 지급,900000,인천우진환경
2026-05-06,인천해서초등학교,1인수의,용역,선풍기 분해 청소비 지급,900000,와우홈크리닝
2026-04-17,상인천초등학교,1인수의,용역,2026년 강당 공기순환기 필터 교체 및 장비 청소비 지출,900000,(주)이에스이엔지
2026-04-13,인천신광초등학교,1인수의,용역,2026학년도 정화조 청소 용역비 지급,900000,영종환경
2026-05-08,구월중학교,1인수의,용역,2026학년도 1회 급식실 후드 청소 실시,891000,형제홈케어
2026-04-28,인천당산초등학교,1인수의,용역,오수관 펌핑 작업 및 동관 지하화장실 청소 작업비 지급,891000,주식회사 가림이엔지
2026-04-27,인천후정초등학교,1인수의,용역,교실 선풍기 청소 실시,891000,사회적협동조합 서해크린
2026-06-09,인천예송유치원,1인수의,용역,예송유치원 선풍기 청소 실시,882000,블루윈드
2026-07-14,하점초등학교,1인수의,용역,학교급식시설 후드 청소비 지급,880000,지노크린
2026-05-27,인천검단꿈유치원,1인수의,용역,유치원 지하주차장 청소 용역비,880000,와우홈크리닝
2026-04-07,인천원당초등학교,1인수의,용역,2026년 4월~2027년 2월 중앙 현관 수조 청소 및 물갈이 작업비 지급,880000,가나수족관
2026-03-25,인천영종초등학교,1인수의,용역,금산분교 화장실 배관 고압세척 청소,880000,신성유지관리(주)
2026-04-20,강화고등학교,1인수의,용역,본관동 선풍기 약품 청소,877800,영클린
2026-05-20,인천당산초등학교,1인수의,용역,2026학년도 교실선풍기 청소비 지급,862400,주식회사 춘풍
2026-05-22,인천목향초등학교,1인수의,용역,공공요금및용역_2026년 5월 ~2027년 2월 공기정화장치 청소 유지관리 용역비(휴엔텍),849600,주식회사 휴앤텍
2026-03-16,인천가좌여자중학교,1인수의,용역,오수정화시설 청소,834450,서인천환경(주)
2026-03-05,인천광역시교육청학생교육원,1인수의,용역,2026 1분기 저수조 청소 실시,831600,(주)덕인환경
2026-06-20,인천운서중학교,1인수의,용역,2026년 혼탁수 유입에 따른 저수조 부품 교체 및 청소 실시,830000,주식회사 신진환경
2026-03-06,대청고등학교,1인수의,용역,대청중고등학교 저수조(물탱크) 청소,830000,미래방제시스템
2026-03-06,백령고등학교,1인수의,용역,2026년 상반기 저수조 청소용역비 지급,830000,미래방제시스템
2026-07-20,인천미송유치원,1인수의,용역,여름방학 중 시설물 청소 용역비,820300,동연개발(주)
2026-06-30,인천성리중학교,1인수의,용역,시설물청소원 병가로 인한 대체인력 용역비 지급,820000,동연개발주식회사
2026-06-02,인천청라초등학교,1인수의,용역,청소원 휴가로 인한 대체인력 용역비 지급,820000,동연개발(주)
2026-06-25,인천약산초등학교,1인수의,용역,"4층 도서관 환경개선 관련 계단층, 복도 청소 실시",814000,주식회사 지성씨엔씨
2026-03-06,인천도담초등학교,1인수의,용역,2026학년도 저수조 청소비 지급,814000,대신환경방역공사
2026-03-01,인천검단초등학교,1인수의,용역,2026학년도 저수조 청소 실시,814000,대신환경방역공사
2026-03-05,부평여자중학교,1인수의,용역,강당(호연관) 온수탱크 청소 실시,811800,시원설비공사
2026-06-02,인천학익초등학교,1인수의,용역,2026학년도 상반기 저수조 청소,803000,대신환경방역공사
2026-03-16,인천명선초등학교,1인수의,용역,유치원 오수 역류로 인한 교실 청소 및 소독 실시,800000,클린순청소업체
2026-06-02,인천바이오과학고등학교,1인수의,용역,2026학년도 교실 선풍기 청소 실시,792000,주식회사 크린웰
2026-03-18,인천남촌초등학교,1인수의,용역,저수조 청소 실시,792000,대신환경방역공사
2026-06-25,인천진산과학고등학교,1인수의,용역,교사동 5층 기존 도서관 청소 시행,770000,(주)그린휴먼케어
2026-06-16,백석고등학교,1인수의,용역,2026년 저수조 청소,770000,(주)청앤미
2026-04-20,인천가원초등학교,1인수의,용역,2026학년도 저수조 청소 실시,770000,베라체환경
2026-04-10,인천효성동초등학교,1인수의,용역,2026학년도 저수조 청소 실시,770000,대신환경방역공사
2026-03-17,인천첨단초등학교,1인수의,용역,[유치원] 2026학년도 놀이터 청소 실시,770000,평화C&C본점
2026-03-06,인천기계공업고등학교,1인수의,용역,2026년 상반기 저수조 청소비 지급,770000,주식회사 신진환경
2026-03-06,인천해든초등학교,1인수의,용역,2026년 저수조 청소 실시,770000,대신환경방역공사
2026-04-14,인천운서초등학교,1인수의,용역,상반기 저수조 청소 및 4월 방역 실시,768000,대중환경
2026-05-18,인천운남고등학교,1인수의,용역,각 실 선풍기 먼지 청소 용역 실시,756800,고구려 환경
2026-03-27,인천산업정보학교,1인수의,용역,2026년 학교 정화조 청소 작업 지출,752000,동구정화조
2026-07-08,인천길주초등학교,1인수의,용역,2026학년도 상반기 급식실 바닥 및 천장 청소,750000,홈케어프로
2026-06-12,강남영상미디어고등학교,1인수의,용역,2026학년도 상반기 학교 저수조청소 실시,750000,김포환경방역공사
2026-04-30,인천창신초등학교,1인수의,용역,5월 교내 정기방역(급식실포함) 및 상반기 물탱크청소 실시,750000,상록토탈
2026-03-31,제물포고등학교,1인수의,용역,2026년도 상반기 저수조 청소 실시,750000,주식회사 신진환경
2026-06-09,인천조동초등학교,1인수의,용역,교내 화단 정리 및 청소 작업 실시,748000,늘푸른환경
2026-04-08,강화고등학교,1인수의,용역,2026 상반기 저수조 청소 실시,748000,대신환경방역공사
2026-07-07,인천예일고등학교,1인수의,용역,2026학년도 1학기 스마트팜 장비 청소비,742500,주식회사 그린베어
2026-03-09,인천성지초등학교,1인수의,용역,2026년 유치원 모래놀이장 청소 및 소독 실시(1차),730000,스팀온(SteamOn)
2026-06-08,인천주안초등학교,1인수의,용역,2026학년도 저수조 청소 및 교내 방역 실시,727000,대신환경방역공사
2026-03-05,인천장서초등학교,1인수의,용역,학생 위생시설의 쾌적한 환경 조성을 위한 교사동내 학생 양치대 청소비,726000,(주)새한에이치엠
2026-03-03,안남고등학교,1인수의,용역,2026학년도 저수조 청소 실시,726000,대중환경
2026-04-22,만수중학교,1인수의,용역,교실 및 식당 선풍기 청소,722700,동연개발(주)
2026-07-16,인천상정초등학교,1인수의,용역,급식실 후드시설 청소 용역비 지급,720000,팀스
2026-04-28,인천상정초등학교,1인수의,용역,급식실 후드시설 청소 용역비 지급,720000,팀스
2026-06-11,인천소양초등학교,1인수의,용역,2026년 하절기 대비 냉난방기 필터 청소 실시,710000,(주)퍼펙트씨앤에스
2026-07-20,인천은지초등학교,1인수의,용역,2026학년도 지능형과학실 구축 과학실 청소 용역 실시,700000,와우홈크리닝
2026-04-29,강화초등학교,1인수의,용역,안전체험관 시설 청소 비용 지급,700000,키즈토이
2026-03-12,인천후정초등학교,1인수의,용역,2026학년도 저수조(물탱크) 청소 실시,700000,상록토탈
2026-03-17,덕적고등학교,1인수의,용역,2026년 상반기 저수조 청소 실시(2026.3.21),694200,주식회사 신진환경
2026-04-28,인천간석초등학교,1인수의,용역,"체력단련실,음악실 청소 실시",690000,아란환경
2026-05-01,인천중산초등학교,1인수의,용역,선풍기 청소 대수 변경에 따른 추가 비용 지급,677600,비비에스
2026-05-22,인천목향초등학교,1인수의,용역,공공요금및용역_2026년 12월~~2027년 2월 공기정화장치 청소 유지관리 용역비(청소사,664310,주식회사 청소사랑
2026-04-30,신흥중학교,1인수의,용역,2026학년도 저수조 청소 실시,660000,주식회사 신진환경
2026-03-17,인천연수초등학교,1인수의,용역,2026학년도 저수조 청소 용역비 지급,660000,주식회사 에이스휴먼
2026-03-04,인천주원초등학교,1인수의,용역,2026학년도 저수조 청소 실시,660000,(주)이노상사
2026-05-19,덕적고등학교,1인수의,용역,2026년 상반기 저수조 청소 실시(2026.6.6),658300,주식회사 신진환경
2026-05-22,인천장수초등학교,1인수의,용역,교내 선풍기 청소 실시,653400,주식회사 크린웰
2026-06-17,인천진산과학고등학교,1인수의,용역,본관 및 기숙사 저수조 청소 실시,627000,대중환경
2026-06-01,인천서림초등학교,1인수의,용역,2026년도 상반기 저수조 청소 용역비 지급,627000,대신환경방역공사
2026-04-29,인천부평동초등학교,1인수의,용역,2026학년도 상반기 저수조 청소 실시,627000,대신환경방역공사
2026-03-20,인천진산과학고등학교,1인수의,용역,본관 및 기숙사 저수조 청소 실시,627000,대중환경
2026-03-17,인천광역시교육청학생교육문화회관,1인수의,용역,2026년도 상반기 저수조 청소 및 수질검사 실시,622000,(주)덕인환경
2026-07-16,청천중학교,1인수의,용역,2026년 저수조 청소 실시,616000,선문그린존 (주)
2026-05-07,인천은송중학교,1인수의,용역,교실 선풍기 청소비 지급,616000,세종
2026-05-26,인화여자중학교,1인수의,용역,시설물청소원 대체 용역 실시,615000,동연개발(주)
2026-07-09,인천숭의초등학교,1인수의,용역,2026 유치원 1학기 놀잇감 소독 및 청소비,605000,푸른씨에스
2026-06-05,부평여자고등학교,1인수의,용역,상반기 저수조 청소 실시,605000,대신환경방역공사
2026-03-19,인천공항초등학교,1인수의,용역,"2026학년도 상반기 저수조 청소(본교, 분교)",605000,주덕인환경
2026-05-11,인천영선초등학교,1인수의,용역,선풍기 추가 청소 실시비 지급,600600,와우홈크리닝
2026-06-09,인천길주초등학교,1인수의,용역,2026학년도 교내 저수조 청소 및 소독 실시,600000,상록토탈
2026-04-28,청라유치원,1인수의,용역,2026년 상반기 저수조 청소 및 5월 정기소독 실시,600000,CA(씨에이)
2026-04-16,인천효성중학교,1인수의,용역,"2026학년도 상,하반기 저수조(물탱크) 청소 실시",600000,푸른환경개발
2026-04-02,자유유치원,1인수의,용역,본원 청소 및 소독작업 실시,600000,에코씨에스
2026-03-23,인천길주초등학교,1인수의,용역,2026학년도 교내 저수조 청소 및 소독 실시,600000,상록토탈
2026-06-17,부평공업고등학교,1인수의,용역,실습동 5층 복도 청소,598000,주식회사 제일안전
2026-05-15,인천안산초등학교,1인수의,용역,각 교실 선풍기 청소비 지급,592900,와우홈크리닝
2026-06-16,인천고잔유치원,1인수의,용역,강당 선풍기 및 화장실 환풍기 청소비 지급,588500,워시윈드
2026-04-17,부광고등학교,1인수의,용역,각교실 선풍기 청소,585200,(주)새한에이치엠
2026-03-04,인천작전초등학교,1인수의,용역,2026년 상반기 저수조 청소 및 3월 교내 소독 실시,585000,(주)새한에이치엠
2026-05-29,인천연송초등학교,1인수의,용역,2026년 상반기 저수조 청소 실시,583000,대신환경방역공사
2026-06-17,인천청호중학교,1인수의,용역,급식실 에어커튼 분해 청소비 지급,572000,태성시스템
2026-03-20,합일초등학교,1인수의,용역,2026학년도 1분기 학교 소독 및 저수조 청소비 지급,572000,(주)청앤미
2026-03-16,인천삼목초등학교,1인수의,용역,초등돌봄교실 청소,567600,모두쓱싹
2026-05-14,합일초등학교,1인수의,용역,유치원 공기청정기 필터 청소 및 교체비 지급,563000,삼성전자판매(주)
2026-04-28,인천청람초등학교,1인수의,용역,2026년 상반기 저수조 청소 실시,561000,대중환경
2026-03-13,인천연송초등학교,1인수의,용역,신관 급수부스터펌프스트레너 청소 및 수위레벨 조정,557700,미우라엔텍
2026-04-01,인천남중학교,1인수의,용역,교내 소독 및 저수조 청소 실시,555000,(주)클린패밀리
2026-07-20,인천초은초등학교,1인수의,용역,2026학년도 유치원 화장실 공사 완료에 따른 청소 실시,550000,하트크린
2026-06-09,산곡중학교,1인수의,용역,"2026년 상.하반기 저수조 청소 및 산소, 유해가스 측정 실시",550000,가람솔
2026-06-09,선원초등학교,1인수의,용역,2026년 상반기 저수조 청소 실시,550000,대신환경방역공사
2026-05-26,인천발산초등학교,1인수의,용역,2026학년도 저수조 청소 실시,550000,푸른환경개발
2026-05-21,부평동중학교,1인수의,용역,강당 화장실 공사 후 현장정리 및 청소비용 지출,550000,고구려 환경
2026-05-13,인천한별초등학교,1인수의,용역,2026년 저수조 청소 실시,550000,가람솔
2026-04-24,관교중학교,1인수의,용역,남교사 및 여교사 휴게실 청소 실시,550000,클린스쿨인천주식회사
2026-03-16,인천당하초등학교,1인수의,용역,2026학년도 1차 실내소독 및 상반기 저수조 청소 실시,550000,주식회사 신진환경
2026-04-09,인천소래초등학교,1인수의,용역,"유치원 식기 세척기, 무선 청소기 AS 수리",541500,엘지전자(주) 연수서비스센터
2026-05-20,옥련여자고등학교,1인수의,용역,급식소 천정형 선풍기 및 에어컨 필터 청소 실시,540000,하나공조
2026-05-11,길상초등학교,1인수의,용역,냉난방기 필터 청소 용역 실시,539000,(주)크린웰
2026-06-08,대월초등학교,1인수의,용역,본교 교내 저수조 청소 용역비 지출,528000,대신환경방역공사
2026-05-26,인천구산초등학교,1인수의,용역,학교 정기소독 및 상반기 저수조청소 실시,527000,클린패밀리
2026-07-10,신송중학교,1인수의,용역,2026학년도 학교방역(7월) 및 저수조청소(8월) 실시,520000,중진공산업개발
2026-06-08,인천갈월초등학교,1인수의,용역,2026년 6월 교사동 전체 방역소독 및 저수조 청소비 지급,520000,가람솔
2026-04-21,인천용마초등학교,1인수의,용역,2026년도 4월 교내 전체 소독 및 상반기 저수조 청소비 지급,515000,(주)대광에이치엠
2026-05-13,인천광역시동부교육지원청,1인수의,용역,거점형늘봄센터 환경 개선을 위한 냉·난방기 청소,514800,(주)청소사랑
2026-03-13,인천검단꿈유치원,1인수의,용역,2026학년도 저수조(물탱크) 청소 및 소독 용역비,506000,대중환경
2026-06-15,인천인수초등학교,1인수의,용역,2026년 상반기 저수조 청소 실시,500000,상록토탈
2026-04-29,인천윤슬초등학교,1인수의,용역,정화조 청소비(하자보수 아님),500000,영종환경
2026-03-30,인천가석초등학교,1인수의,용역,학교 후문 석재기둥 등 청소 대금 지급,500000,(주)크린웰
2026-03-16,인천인혜학교,1인수의,용역,2026년 상반기 저수조 청소,500000,(주)거륭
2026-03-06,인천용일초등학교,1인수의,용역,2026년도 상반기 저수조 청소 실시,500000,정도환경
2026-03-05,인천효성중학교,1인수의,용역,2026학년도 오수정화조 청소비용 지급,500000,쎄븐환경
2026-04-02,인천효성초등학교,1인수의,용역,2026년 본관동 정화조 청소 실시,495800,(주)황금환경
2026-05-17,인천화전초등학교,1인수의,용역,상반기 저수조 청소 실시,495000,푸른환경개발
2026-04-06,인천아라중학교,1인수의,용역,2026년 급식실내 에어커튼 분해 및 청소비 지급,495000,하나ENG
2026-03-04,인천가석초등학교,1인수의,용역,2026년도 상반기 학교 저수조 청소 대금 지급,495000,장동진(대신환경방역)
2026-03-05,인천계양초등학교,1인수의,용역,교내식당 사용 예정 교실 청소 및 소독 실시,493000,(주)지엘홀딩스
2026-06-09,인천마전초등학교,1인수의,용역,2026. 6월 일반소독 및 상반기 저수조 청소 실시,480000,대신환경방역공사
2026-05-12,인천가림초등학교,1인수의,용역,2026학년도 교사동 방역(5월)소독및 저수조 청소(1차)분 지급,480000,중진공산업개발
2026-03-26,인천용학초등학교,1인수의,용역,청소기 등 물품 RFID 전자테그 부착 용역비 지출,480000,나눔비투비
2026-03-26,문학정보고등학교,1인수의,용역,교내 방역(소독) 및 저수조 청소 비용 지급,475000,정도환경
2026-03-03,인천장서초등학교,1인수의,용역,2026학년도 교내 소독 (1분기) 및 저수조 청소(1차) 실시,475000,(주)새한에이치엠
2026-04-16,인천중산고등학교,1인수의,용역,4월 학교 실내 방역 및 상반기 저수조 청소 실시,465000,주식회사 신진환경
2026-05-13,인천가좌여자중학교,1인수의,용역,3층 서버실 환경개선작업(바닥청소),462000,스피드넷
2026-04-07,산곡중학교,1인수의,용역,2026년 상.하반기 저수조 청소 실시,460000,가람솔
2026-04-24,선화여자중학교,1인수의,용역,정화조 청소 실시(2026.5.7.),451520,(주)남구정화조
2026-03-09,선화여자중학교,1인수의,용역,정화조 청소 실시(2026년 3월)(3/19),451520,(주)남구정화조
2026-05-20,삼산유치원,1인수의,용역,2026년 학교급식시설(후드 및 환풍기) 청소 비용 지급(1차),450000,인천우진환경
2026-04-20,인천전자마이스터고등학교,1인수의,용역,제10회 교육감배 교직원 테니스대회 청소용역비 지급,450000,(주)베스트쉴드
2026-03-03,계산여자고등학교,1인수의,용역,본관지정실 복도 및 계단 대청소 추가 실시,450000,주식회사 더불림
2026-06-16,인천서곶초등학교,1인수의,용역,2026학년도 상반기 저수조(물탱크)청소 실시,440000,정도환경
2026-06-15,인천신검단초등학교,1인수의,용역,2026학년도 상반기 저수조 청소비 지급,440000,동연개발주식회사
2026-06-10,인천한들초등학교,1인수의,용역,2026년 상반기 저수조 청소 실시,440000,동연개발(주)
2026-06-02,인천초은고등학교,1인수의,용역,2026년 상반기 저수조(소방 포함) 청소비 지급,440000,푸른환경개발
2026-06-02,옥련중학교,1인수의,용역,2026년 상반기 저수조 청소 실시,440000,대신환경방역공사
2026-05-22,인천송천고등학교,1인수의,용역,2026년 상반기 저수조 청소 실시,440000,동춘환경
2026-05-20,인천비즈니스고등학교,1인수의,용역,2026년 상반기 물탱크(저수조) 청소 실시,440000,동연개발(주)
2026-05-19,인송중학교,1인수의,용역,2026학년도 상반기 저수조 청소 실시,440000,동춘환경
2026-05-13,인천연송고등학교,1인수의,용역,상반기 저수조 청소 실시,440000,대신환경
2026-05-13,검단중학교,1인수의,용역,상반기 저수조 청소 실시,440000,주식회사 클린패밀리
2026-05-06,인천마장초등학교,1인수의,용역,2026학년도 상반기 교내 저수조 청소 실시,440000,정도환경
2026-05-06,인천해원초등학교,1인수의,용역,2026년 상반기 저수조청소 실시,440000,(주)신진환경
2026-05-06,논곡중학교,1인수의,용역,상반기 저수조 청소 실시,440000,대신환경방역공사
2026-04-23,인천가현초등학교,1인수의,용역,2026년도 상반기 저수조 청소 실시,440000,동연개발(주)
2026-04-01,인천부곡초등학교,1인수의,용역,2026년 저수조 청소비 지급,440000,가람솔
2026-04-01,상인천초등학교,1인수의,용역,2026년 상반기 저수조 청소 실시비 지급,440000,클린패밀리
2026-03-27,만성중학교,1인수의,용역,상반기 저수조 청소,440000,푸른환경개발
2026-03-18,인천간재울초등학교,1인수의,용역,2026년 상반기 저수조(물탱크) 청소 실시,440000,동연개발 주식회사
2026-06-17,인천용정초등학교,1인수의,용역,2026년 상반기 저수조 청소 실시,429000,대신환경방역공사
2026-06-02,인천논곡초등학교,1인수의,용역,2026년도 상반기 저수조 청소 용역비,429000,대신환경방역공사
2026-06-04,영종유치원,1인수의,용역,푸른관 선풍기 및 냉난방기 필터 청소,424600,주식회사크린웰
2026-06-04,옥련여자고등학교,1인수의,용역,2026년 수시 정화조 청소(급식소),423000,서해환경(주)
2026-05-22,인천부흥고등학교,1인수의,용역,현관 수족관 청소 및 물품 구입,420000,상지원수족관
2026-05-06,인천용현초등학교,1인수의,용역,상반기 저수조 청소 실시,418000,대중환경
2026-04-29,인천청천초등학교,1인수의,용역,2026학년도 상반기 저수조 청소 실시,418000,대중환경
2026-04-22,인천원당초등학교,1인수의,용역,2026년 상반기 저수조 청소 실시,418000,대신환경방역공사
2026-03-06,인천부원초등학교,1인수의,용역,2026년 상반기 저수조 청소,418000,대신환경방역공사
2026-06-24,청천중학교,1인수의,용역,시설물청소 대체 근무 용역비 지급,410000,동연개발 주식회사
2026-06-23,인천서림초등학교,1인수의,용역,시설물청소원 청소대체근무 용역비 지급,410000,동연개발주식회사
2026-06-18,인천송원초등학교,1인수의,용역,2026학년도 6월 저수조 청소 실시,407000,대신환경방역공사
2026-05-26,인천심곡초등학교,1인수의,용역,2026학년도 상반기 저수조 청소 실시,407000,대신환경방역공사
2026-05-22,선화여자중학교,1인수의,용역,2026년 상반기 저수조(물탱크) 청소 실시(5/25),407000,(주)에코캐치
2026-05-14,용유중학교,1인수의,용역,2026학년도 상반기 인천용유초중학교 저수조 청소 실시,407000,대신환경방역공사
2026-04-07,부평서여자중학교,1인수의,용역,1차 저수조 청소,407000,대신환경방역공사
2026-03-27,인천송원초등학교,1인수의,용역,2026학년도 3월 저수조 청소 실시,407000,대신환경방역공사
2026-03-26,인천왕길초등학교,1인수의,용역,2026년 상반기 저수조 청소 실시,407000,대신환경방역공사
2026-05-15,인천용현남초등학교,1인수의,용역,2026년 상반기 저수조 청소,400000,상록토탈
2026-05-06,인천동춘초등학교,1인수의,용역,상반기 저수조 청소 용역비 지급,400000,상록토탈
2026-07-24,인천봉화초등학교,1인수의,용역,2026년도 하반기 저수조 청소 실시(개학전),396000,대신환경방역공사
2026-06-08,인천과학고등학교,1인수의,용역,물탱크(저수조) 청소,396000,(주)덕인환경
2026-06-08,신현중학교,1인수의,용역,2026년 상반기 저수조 청소 실시,396000,대중환경
2026-04-14,논곡중학교,1인수의,용역,도시가스 정압기 분해점검 및 필터 청소 실시,396000,주식회사 에스이엔에스
2026-03-05,인천과학고등학교,1인수의,용역,2026학년도 1분기 물탱크(저수조) 청소,396000,(주)덕인환경
2026-07-08,인천해든초등학교,1인수의,용역,하절기 유치원 화장실 청소실시,385000,클린홈
2026-07-08,인천동수중학교,1인수의,용역,2026년도 하반기 저수조 청소,385000,대신환경방역공사
2026-06-17,미추홀외국어고등학교,1인수의,용역,2026년 상반기 저수조 청소 실시,385000,우진환경
2026-06-10,부흥중학교,1인수의,용역,2026학년도 저수조 청소 및 살균,385000,가람솔
2026-06-08,인천청학초등학교,1인수의,용역,2026년 저수조 청소 용역비 지급,385000,동춘환경
2026-05-29,부평중학교,1인수의,용역,2026.상반기 저수조 물탱크 청소비 지급,385000,현대환경관리
2026-05-28,인천명선초등학교,1인수의,용역,2026학년도 상반기 저수조 청소,385000,대신환경방역공사
2026-05-21,인천해든초등학교,1인수의,용역,2026학년도 유치원 화장실 청소 용역,385000,클린홈
2026-05-20,인천백석초등학교,1인수의,용역,2026학년도 상반기 저수조 청소 실시,385000,대신환경방역공사
2026-05-18,인천신송초등학교,1인수의,용역,2026년 상반기 저수조 청소 실시,385000,대신환경방역공사
2026-05-14,인천고잔중학교,1인수의,용역,상반기 저수조 청소,385000,대신환경방역공사
2026-05-12,동인천중학교,1인수의,용역,2026년 상반기 저수조 청소비,385000,(주)클린패밀리
2026-05-08,인천인동초등학교,1인수의,용역,2026년 상반기 저수조 청소,385000,대신환경방역공사
2026-05-08,인천새봄초등학교,1인수의,용역,2026학년도 상반기 저수조 청소 실시,385000,대신환경방역공사
2026-04-30,인천삼목초등학교,1인수의,용역,2026년 4월 환경관리를 위한 계단청소 지출,385000,크린에이스
2026-04-08,인천아라고등학교,1인수의,용역,2026년 상반기 저수조 청소비 지급,385000,대신환경방역공사
2026-03-24,석정중학교,1인수의,용역,구령대 체육창고 청소비,385000,클리니어위드현기
2026-03-20,인천영선고등학교,1인수의,용역,2026학년도 저수조 청소대금 지급,385000,대중환경
2026-03-13,인천해든초등학교,1인수의,용역,2026학년도 유치원 화장실 청소 실시,385000,클린홈
2026-03-09,자유유치원,1인수의,용역,2026학년도 본원 저수조 청소 실시,385000,(주)클린패밀리
2026-07-14,관교중학교,1인수의,용역,각 교실 냉난방기 필터 세척 및 청소 실시,382800,제이원시스템
2026-06-11,인천조동초등학교,1인수의,용역,2026년 상반기 저수조(물탱크) 청소 실시,380000,삼진환경
2026-05-11,인천계양초등학교,1인수의,용역,2026학년도 상반기 저수조 청소 실시,380000,지엘굿잡 주식회사
2026-06-02,강화여자중학교,1인수의,용역,2026학년도 상반기 학교 저수조(물탱크)청소 실시,374000,대신환경방역공사
2026-05-27,강화여자고등학교,1인수의,용역,기숙사 저수조 청소 대금 지급,374000,대신환경방역공사
2026-04-30,인천해원중학교,1인수의,용역,2026학년도 상반기 저수조 청소 실시,374000,우진환경
2026-04-03,인천영종초등학교,1인수의,용역,본교 시설물청소원 대체인력 용역비 지급,374000,철거킹
2026-04-02,인천조동초등학교,1인수의,용역,교내 화단 정리 및 청소 작업 실시,374000,늘푸른환경
2026-05-19,인천성리중학교,1인수의,용역,상반기 저수조 청소 실시,363000,대중환경
2026-03-17,불은초등학교,1인수의,용역,2026학년도 상반기 저수조 청소,363000,대신환경방역공사
2026-06-19,인천도화초등학교,1인수의,용역,강당동 냉난방기 필터 청소비 지급,360000,온누리종합환경
2026-06-01,인천서창초등학교,1인수의,용역,저수조 청소 및 교사 정기 소독비 지급(6월),358000,대중환경
2026-03-03,인천주안초등학교,1인수의,용역,시설물청소원 병가 사용에 따른 인력 대체 경비,355400,동연개발
2026-07-23,인천먼우금초등학교,1인수의,용역,2026학년도 여름방학 화장실 청소업체 용역비 지출,352000,(주)크린웰
2026-05-14,인천문남초등학교,1인수의,용역,2026년 상반기 저수조 청소,352000,대신환경방역공사
2026-05-12,인천청라고등학교,1인수의,용역,2026년도 상반기 저수조 청소 실시,352000,대신환경방역공사
2026-05-07,북인천중학교,1인수의,용역,일반교실(특수학급 포함) 선풍기 청소,352000,현대기획시설보수
2026-04-27,용현여자중학교,1인수의,용역,2026년 상반기 저수조 청소,352000,동춘환경
2026-04-18,인천동부초등학교,1인수의,용역,2026학년도 상반기 교내 저수조 청소 실시,352000,대중환경
2026-04-09,인천공항중학교,1인수의,용역,2026년 상반기 저수조 청소 실시,352000,대중환경
2026-03-24,인천전자마이스터고등학교,1인수의,용역,기숙사동 시설물청소원 대직 용역비 지급,352000,고고클린
2026-03-17,인천미래생활고등학교,1인수의,용역,급식실 에어커튼 분해청소 용역비 지급,352000,태성시스템
2026-03-05,인천청람중학교,1인수의,용역,2026학년도 상반기 저수조 청소 실시,352000,우진환경
2026-06-17,남인천여자중학교,1인수의,용역,2층 교무실 하수구 배관 청소,350000,퍼스트건설 주식회사
2026-05-29,인천디자인고등학교,1인수의,용역,2026년 상반기 저수조 청소용역비 지급,350000,대신환경방역공사
2026-04-15,인천굴포초등학교,1인수의,용역,2026년 저수조 청소 실시(상반기),350000,상록토탈
2026-05-26,신흥중학교,1인수의,용역,세척기 핑거 청소비 지급,341000,이웃사랑 인천지사
2026-04-28,인천송일초등학교,1인수의,용역,실내청소용 기름걸레 임대,341000,송도국제종합상사
2026-05-15,인천연일학교,1인수의,용역,시설물 청소원 휴게실 설치를 위한 집기류 이동설치,340000,성현건설
2026-04-13,삼산유치원,1인수의,용역,2026년도 4월 원내 정기소독 및 저수조 청소비 지급,338000,우진환경
2026-05-06,인천진산과학고등학교,1인수의,용역,시설물청소원 연가 대체 청소용역,336540,동연개발(주)
2026-05-07,인천연송고등학교,1인수의,용역,"선풍기 청소 실시 (컴퓨터실, 과학실)",336000,준설비 주식회사
2026-07-24,인천송월초등학교,1인수의,용역,2026년 상반기 저수조 청소 실시 (2026.7.24),330000,정도환경
2026-07-15,인천서현유치원,1인수의,용역,지하 저수조 청소 실시,330000,주식회사 신진환경
2026-07-14,학익여자고등학교,1인수의,용역,2026년 하반기 저수조 청소 실시,330000,중진공산업개발
2026-07-13,인천서희학교,1인수의,용역,소방 저수조 청소,330000,주식회사 신진환경
2026-07-06,인천송천고등학교,1인수의,용역,2026년 에코스마트팜 1학기 사용 후 청소 실시,330000,주식회사 한국바이오헬스케어
2026-06-16,인천예술고등학교,1인수의,용역,예술관 저수조 청소 실시,330000,주식회사 신진환경
2026-06-12,인천함박초등학교,1인수의,용역,2026년 상반기 저수조 청소 실시,330000,동춘환경
2026-06-08,인천동양중학교,1인수의,용역,2026년 상반기 저수조 청소 실시,330000,중진공산업개발
2026-05-29,인천진산초등학교,1인수의,용역,2026학년도 상반기 저수조 청소 실시,330000,에코라이프
2026-05-27,인천효성고등학교,1인수의,용역,2026년도 상반기 저수조 청소 실시,330000,주식회사 클린패밀리
2026-05-27,인천연일학교,1인수의,용역,2026년 2분기 저수조 청소 실시,330000,(주)덕인환경
2026-05-26,인천광역시교육청화도진도서관,1인수의,용역,2026년도 상반기 물탱크 청소,330000,(주)덕인환경
2026-05-23,계산여자고등학교,1인수의,용역,저수조 청소(상반기),330000,대중환경
2026-05-22,인천주안남초등학교,1인수의,용역,2026년 상반기 저수조(물탱크) 청소 실시,330000,동춘환경
2026-05-21,인천해원초등학교,1인수의,용역,2026년 6월 시설물청소원(본관) 대체인력 용역비 지급,330000,주식회사 크린웰
2026-05-19,인천반도체고등학교,1인수의,용역,시설물청소원 용역비 지급,330000,(주)크린웰
2026-05-13,인천산곡남초등학교,1인수의,용역,2026년 상반기 저수조 청소 실시,330000,중진공산업개발
2026-05-12,인천도화초등학교,1인수의,용역,상반기 저수조 청소비 지급,330000,중진공산업개발
2026-05-06,인천신현북초등학교,1인수의,용역,2026년도 상반기 본관 및 신관 저수조(물탱크) 청소 및 소독작업 실시,330000,대중환경
2026-04-27,옥련여자고등학교,1인수의,용역,2026년 상반기 저수조 청소,330000,주식회사 신진환경
2026-04-16,인천중산고등학교,1인수의,용역,소방 저수조 청소,330000,주식회사 신진환경
2026-04-13,인천갈산초등학교,1인수의,용역,부식억제장비 청소비 지급,330000,코매트
2026-04-09,인천부흥고등학교,1인수의,용역,2026학년도 상반기 교내 저수조 청소,330000,명성종합환경
2026-03-31,도림고등학교,1인수의,용역,상반기 저수조(물탱크) 청소 실시,330000,(주)클린패밀리
2026-03-31,계산고등학교,1인수의,용역,2026학년도 상반기 저수조 청소 실시,330000,주식회사 클린패밀리
2026-03-19,인일여자고등학교,1인수의,용역,급식실(수도) 정수장치 청소 실시,330000,코매트
2026-03-13,북인천여자중학교,1인수의,용역,2026년 상반기 저수조 청소 실시,330000,주식회사 클린패밀리
2026-04-24,선인중학교,1인수의,용역,2026학년도 저수조 청소 대금 지급,324500,동춘환경
2026-07-22,인천마전고등학교,1인수의,용역,급식실 식기세척기 고압청소비 지출,323400,쓰리에이치에스
2026-07-08,인천가현중학교,1인수의,용역,정화조 청소비 지급,319000,서인천환경(주)
2026-05-18,인천동막초등학교,1인수의,용역,"2026학년도 학교환경 위생방역 및 저수조 청소실시에 따른 용역비 (5.30(토), 1차)",312000,동춘환경
2026-06-04,제물포중학교,1인수의,용역,2026년 상반기 저수조 청소비 지급,308000,대중환경
2026-05-20,인천왕길초등학교,1인수의,용역,2026학년도 늘봄학교 선풍기 청소 실시,308000,와우홈크리닝
2026-05-20,인천왕길초등학교,1인수의,용역,2026학년도 유치원 선풍기 청소 실시,308000,와우홈크리닝
2026-05-08,인천당산초등학교,1인수의,용역,2026학년도 상반기 저수조 청소비 지급,308000,대중환경
2026-05-07,인천만수북초등학교,1인수의,용역,2026년 상반기 저수조 청소 실시,308000,대중환경
2026-03-06,인천석남중학교,1인수의,용역,2026학년도 특수학급 직업교육을 위한 카페머신 점검 및 청소,308000,머신앤모어
2026-06-30,검단고등학교,1인수의,용역,학교 환경 정화 청소 작업비 지급,300000,(주)더불림
2026-06-12,가좌중학교,1인수의,용역,저수조 청소 실시,300000,정도환경
2026-06-05,인천한길초등학교,1인수의,용역,2026학년도 상반기 저수조 청소비 지급,300000,대성개발 주식회사
2026-05-19,인천도림초등학교,1인수의,용역,2026년 상반기 저수조 청소,300000,푸른환경개발
2026-05-14,인천반도체고등학교,1인수의,용역,2026년 2분기 저수조 청소 실시,300000,송성건(정도환경)
2026-05-08,인천만수초등학교,1인수의,용역,2026학년도 상반기 저수조 청소 실시,300000,삼진환경
2026-05-07,인천석정초등학교,1인수의,용역,상반기 저수조 청소,300000,상록토탈
2026-04-29,인천간석초등학교,1인수의,용역,체력단련실 음악실 청소 실시,300000,아란환경
2026-04-27,인천송빛초등학교,1인수의,용역,2026년 상반기 저수조 청소 실시,300000,주식회사 신진환경
2026-04-20,인주중학교,1인수의,용역,2026년 상반기 저수조 청소,300000,주식회사 신진환경
2026-04-10,인천경연초등학교,1인수의,용역,2026학년도 저수조 청소(상반기),300000,신진환경
2026-04-08,인천성리초등학교,1인수의,용역,2026학년도 상반기 저수조 청소,300000,(주)에코라이프
2026-04-02,인천삼산초등학교,1인수의,용역,2026학년도 상반기 저수조 청소 실시,300000,상록토탈
2026-03-10,계양고등학교,1인수의,용역,2026학년도 상반기 저수조 청소 실시,300000,상록토탈
2026-03-05,인천백학초등학교,1인수의,용역,2026년 상반기 학교저수조(물탱크) 청소 대금 지급,300000,정도환경
2026-07-21,인천산업정보학교,1인수의,용역,2026년 하반기 저수조(물탱크) 청소 실시 지출,297000,대중환경
2026-05-21,인천바이오과학고등학교,1인수의,용역,2026학년도 상반기 저수조 청소,297000,동춘환경
2026-04-28,인천청라초등학교,1인수의,용역,2026학년도 상반기 교내 저수조 청소 실시,297000,대중환경
2026-04-06,인천부평초등학교,1인수의,용역,2026년 상반기 저수조 청소 작업비용 지급,297000,대중환경
2026-03-24,인천해송고등학교,1인수의,용역,2026년 상반기 저수조 청소 용역 실시,297000,동춘환경
2026-03-04,계산중학교,1인수의,용역,2026학년도 상반기 저수조 청소,297000,대중환경
2026-06-18,인천한별초등학교,1인수의,용역,유치원 무선청소기 수리 비용 지급,289500,엘지전자 주식회사(서인천서비스센터)
2026-06-09,인천안남중학교,1인수의,용역,2026년도 상반기 저수조 청소용역비 지급,286000,대신환경방역공사
2026-05-14,인천주안북초등학교,1인수의,용역,2026학년도 1분기 저수조 청소 실시,286000,대중환경
2026-05-06,가림고등학교,1인수의,용역,저수조 청소 실시,286000,주식회사 클린패밀리
2026-04-24,인천여자상업고등학교,1인수의,용역,별관동 및 특별실 선풍기 먼지제거 청소 실시,280500,주식회사 태원씨앤씨
2026-05-12,인천광역시교육청학생교육문화회관,1인수의,용역,청소용 리스킹 걸레 세탁,279180,크린종합상사
2026-05-15,인천효성초등학교,1인수의,용역,2026년 신관동 정화조 청소 실시,277400,(주)황금환경
2026-07-20,부개고등학교,1인수의,용역,2026년 상반기 저수조 청소 비용 지급,275000,가람솔
2026-07-03,인천윤슬초등학교,1인수의,용역,하반기 저수조 청소비,275000,주식회사 신진환경
2026-06-29,인천서로꿈유치원,1인수의,용역,2026년도 상반기 저수조 청소 실시,275000,주식회사 신진환경
2026-06-26,인천논현고등학교,1인수의,용역,2026학년도 상반기 저수조(물탱크) 청소 실시 비용 지급,275000,푸른환경개발
2026-06-11,연수중학교,1인수의,용역,2026년 상반기 저수조 청소,275000,가람솔
2026-06-11,만수북중학교,1인수의,용역,상반기 저수조 청소 실시,275000,가람솔
2026-06-10,인천서희학교,1인수의,용역,2026학년도 상반기 학교 저수조 청소,275000,주식회사 신진환경
2026-06-10,인천간석초등학교,1인수의,용역,상반기 저수조 청소 실시,275000,가람솔
2026-06-04,인천계산초등학교,1인수의,용역,2026년도 상반기 저수조 청소 실시,275000,가람솔
2026-05-28,인천대정초등학교,1인수의,용역,2026학년도 상반기 교내 저수조 청소비,275000,주식회사 클린패밀리
2026-05-27,인천은송중학교,1인수의,용역,2026학년도 상반기 저수조 청소비 지급,275000,주식회사 신진환경
2026-05-22,인천아라중학교,1인수의,용역,2026년도 상반기 저수조 청소 용역비 지급,275000,가람솔
2026-05-14,신송고등학교,1인수의,용역,2026년 상반기 저수조 청소 실시,275000,주식회사 클린패밀리
2026-05-06,연수여자고등학교,1인수의,용역,2026년 상반기 저수조 청소 실시,275000,(주)클린패밀리
2026-04-27,문학정보고등학교,1인수의,용역,교내 고가수조 청소비 지급,275000,정도환경
2026-04-27,인천여자상업고등학교,1인수의,용역,2026학년도 상반기 저수조 청소,275000,푸른환경개발
2026-04-24,신흥여자중학교,1인수의,용역,2026년도 상반기 저수조 청소,275000,정도환경
2026-04-20,인천하정초등학교,1인수의,용역,2026학년도 상반기 저수조 청소 실시,275000,대신환경방역공사
2026-04-17,인천미송중학교,1인수의,용역,2026년 상반기 저수조 청소 실시,275000,주식회사 신진환경
2026-04-17,인천남고등학교,1인수의,용역,저수조 청소 실시,275000,주식회사 클린패밀리
2026-04-03,인천은송초등학교,1인수의,용역,2026년도 상반기 저수조 청소 실시,275000,주식회사 신진환경
2026-04-03,인천일신초등학교,1인수의,용역,2026학년도 상반기 저수조(물탱크) 청소 실시,275000,가람솔
2026-03-20,인천건지초등학교,1인수의,용역,2026년 상반기 저수조 청소 실시,275000,동연개발(주)
2026-03-19,동인천고등학교,1인수의,용역,2026년 상반기 저수조 청소용역료,275000,푸른환경개발
2026-03-18,인천송천초등학교,1인수의,용역,2026년 상반기 저수조 청소,275000,동춘환경
2026-03-11,인천안남초등학교,1인수의,용역,2026학년도 상반기 저수조 청소비 지급,275000,(주)덕인환경
2026-03-10,만수여자중학교,1인수의,용역,2026년 상반기 저수조 청소 실시,275000,가람솔
2026-03-09,관교여자중학교,1인수의,용역,2026년 상반기 저수조(물탱크) 청소실시 (26.04.04),275000,(주)덕인환경
2026-06-23,인천뷰티예술고등학교,1인수의,용역,시설물청소원 휴게실 냉난방기 수리,274000,삼성전자서비스(주)
2026-03-14,인천예일중학교,1인수의,용역,라디에이터 철거 작업(청소원휴게실 및 남자샤워실),273900,KG건설
2026-05-08,인천소방고등학교,1인수의,용역,교내 물탱크 청소비 지급,269820,주식회사 정성하우징텍
2026-05-20,청학중학교,1인수의,용역,교내 냉난방기 필터 청소,264000,(주)새한에이치엠
2026-05-15,석정여자고등학교,1인수의,용역,2026 상반기 저수조 청소비 지출,264000,대신환경방역공사
2026-04-22,석정중학교,1인수의,용역,2026년 상반기 저수조 청소 실시,264000,대중환경
2026-04-14,인천소양초등학교,1인수의,용역,2026.8월 저수조 청소,264000,대중환경
2026-04-03,인천구월서초등학교,1인수의,용역,2026년 상반기 저수조 청소 용역비,264000,(주)새한에이치엠
2026-03-30,인천양촌초등학교,1인수의,용역,2026년도 상반기 저수조 청소 실시,264000,대중환경
2026-03-23,인천예송중학교,1인수의,용역,2026학년도 상반기(4월) 저수조 청소비 지급,264000,(주)새한에이치엠
2026-07-23,구월여자중학교,1인수의,용역,2026학년도 저수조 청소 실시(1차),260000,동춘환경
2026-03-11,인천광역시교육청학생교육문화회관,1인수의,용역,청소용 리스킹 걸레 세탁,256850,크린종합상사
2026-06-05,인천중학교,1인수의,용역,2026년도 상반기 저수조 청소,253000,동춘환경
2026-05-08,인천아라꿈유치원,1인수의,용역,2026년도 상반기 저수조 청소 실시,253000,대중환경
2026-07-10,인천길주초등학교,1인수의,용역,약품실 시약장 청소,250000,신성그린
2026-06-26,인천길주초등학교,1인수의,용역,약품실 시약장 청소,250000,신성그린
2026-06-08,인천검단나래유치원,1인수의,용역,2026년 상반기 저수조 청소비 지급,250000,신진환경
2026-05-29,인천신월초등학교,1인수의,용역,2026년 상반기 저수조 청소비 지급,250000,가람솔
2026-05-18,인천약산초등학교,1인수의,용역,2026년 상반기 저수조 청소 실시비 지급,250000,(주)새한에이치엠
2026-05-11,인천안산초등학교,1인수의,용역,2026년 상반기 저수조 청소비 지급,250000,가람솔
2026-05-07,교동고등학교,1인수의,용역,2026학년도 교동중고등학교 저수조 청소 실시,250000,Kesco 김포환경방역공사
2026-05-07,용현중학교,1인수의,용역,상반기 저수조 청소 실시,250000,가람솔
2026-04-06,북인천중학교,1인수의,용역,2026학년도 상반기 저수조 청소 실시,250000,가람솔
2026-04-03,인천운서중학교,1인수의,용역,2026년 저수조 청소 실시,250000,주식회사 신진환경
2026-03-16,인천백운초등학교,1인수의,용역,2026년 3월 저수조 청소 실시,250000,가람솔 인천점
2026-03-09,인천도화초등학교,1인수의,용역,"2,3동 냉난방기 필터 청소비 지급",250000,온누리종합환경
2026-03-05,산곡남중학교,1인수의,용역,2026년 3월 저수조 청소,250000,상록토탈
2026-06-17,인천상정초등학교,1인수의,용역,교내 저수조 청소 실시,242000,대신환경방역공사
2026-06-02,길상초등학교,1인수의,용역,2026년 하반기 저수조 청소 실시,242000,대신환경방역공사
2026-05-26,길상초등학교,1인수의,용역,2026년 상반기 저수조 청소 실시,242000,대신환경방역공사
2026-05-21,삼성초등학교,1인수의,용역,2026년 상반기 저수조 청소,242000,대신환경방역공사
2026-05-19,남동중학교,1인수의,용역,2026년 상반기 학교 저수조 청소 실시,242000,동춘환경
2026-04-24,인천서운초등학교,1인수의,용역,2026학년도 저수조 청소(상반기),242000,주식회사 클린패밀리
2026-04-02,만수중학교,1인수의,용역,2026년 상반기 저수조 청소 실시,242000,대중환경
2026-05-13,인천성지초등학교,1인수의,용역,2025학년도 상반기 저수조 청소비 지급,240000,푸른환경개발
2026-04-08,인천중학교,1인수의,용역,도서관 청소 용역,240000,주식회사 크린웰
2026-04-03,화도초등학교,1인수의,용역,2026학년도 1차 저수조 청소 실시,231000,대신환경방역공사
2026-07-14,인천신정초등학교,1인수의,용역,냉난방기 필터 청소(5층 일반교실 16실),229900,선명시스템
2026-07-13,계산여자중학교,1인수의,용역,2026학년도 상반기 저수조 청소비 지급,220000,푸른샘환경
2026-07-07,마전중학교,1인수의,용역,국가기술자격시험 시설 사용으로 인한 화장실 청소 실시,220000,(주)청앤미
2026-06-12,함박중학교,1인수의,용역,2026년도 상반기 저수조 청소 실시,220000,(주)클린패밀리
2026-06-11,인천개흥초등학교,1인수의,용역,2026년 상반기 저수조 청소 실시,220000,가람솔
2026-06-08,인천예일고등학교,1인수의,용역,2026년 상반기 지하저수조 청소 용역비 지출,220000,주식회사 신진환경
2026-06-05,인천삼목초등학교,1인수의,용역,2026년도 상반기 저수조 청소 실시,220000,주식회사 신진환경
2026-05-22,인천효성초등학교,1인수의,용역,2026년 상반기 저수조 청소 실시,220000,푸른환경개발
2026-04-29,인천송도초등학교,1인수의,용역,2026년 상반기 저수조 청소비 (2026.5.10),220000,(주)새한에이치엠
2026-04-14,마전중학교,1인수의,용역,국가기술자격시험 시설 사용으로 인한 화장실 청소 실시,220000,(주)청앤미
2026-03-31,부광고등학교,1인수의,용역,2026년도 상반기 저수조 청소 실시,220000,중진공산업개발
2026-03-31,가좌고등학교,1인수의,용역,2026년도 상반기 교내 저수조 청소,220000,(주)클린패밀리
2026-03-30,인천숭의초등학교,1인수의,용역,2026학년도 상 하반기 저수조청소,220000,신진환경
2026-03-27,능허대중학교,1인수의,용역,상반기 저수조 청소,220000,주식회사 신진환경
2026-06-25,양사초등학교,1인수의,용역,2026년 6월 저수조 물탱크 청소비 지급,209000,대신환경방역공사
2026-03-18,강서중학교,1인수의,용역,2026년 3월 저수조 물탱크 청소 실시,209000,대신환경방역공사
2026-04-28,인천부흥고등학교,1인수의,용역,2026학년도 5월 시설물청소원 대체 용역,205000,동연개발 주식회사
2026-03-19,인천한별초등학교,1인수의,용역,시설물청소원 대체인력 용역비 지급,205000,동연개발 주식회사
2026-06-12,인천경연중학교,1인수의,용역,경연중 시설물청소원 대체 용역비 지급,203800,동연개발주식회사
2026-04-01,인천경연중학교,1인수의,용역,시설물청소원 대체 용역비 지급,203800,동연개발주식회사
2026-05-07,인천효성서초등학교,1인수의,용역,2026년도 상반기 저수조 청소 작업비 지급,198000,(주)새한에이치엠
2026-04-15,인천청량초등학교,1인수의,용역,2026년도 상반기 저수조 청소 실시,198000,동춘환경
2026-04-06,인천동방초등학교,1인수의,용역,2026년도 상반기 저수조 청소비 지급,198000,(주)새한에이치엠
2026-04-02,인천구월초등학교,1인수의,용역,2026년 상반기(4월) 저수조 청소 실시,198000,(주)새한에이치엠
2026-04-17,만수중학교,1인수의,용역,(카드)급식실 보일러 버너화구 청소 및 온수 온도조절기 교체,195000,(주)보아에너시스
2026-07-15,인천송빛초등학교,1인수의,용역,시설물청소원 대체근무자 용역비 지급,190000,주식회사 제일안전
2026-06-18,인천광역시남부교육지원청,1인수의,용역,시설물청소원 대체근무 용역비 지급(2026.6.26),190000,주식회사 제일안전
2026-05-19,인천중앙초등학교,1인수의,용역,2026년 상반기 저수조 청소,187000,(주)새한에이치엠
2026-03-18,인천작동초등학교,1인수의,용역,2026년 상반기 저수조 청소,187000,가람솔
2026-06-24,만수북중학교,1인수의,용역,시설물청소원 대체근무에 대한 용역인력 사용,176000,주식회사 크린웰
2026-07-03,인천안남초등학교,1인수의,용역,일반 교실(학급)천정형 에어컨 실내기 필터 세척(청소) 신청,171600,하나공조
2026-07-09,인천반도체고등학교,1인수의,용역,시설물청소원 공가(건강검진)로 인한 대체인력비 지급,165000,(주)크린웰
2026-06-28,부원중학교,1인수의,용역,2026년 상반기 저수조 청소 실시,165000,동연개발(주)
2026-06-22,연수여자고등학교,1인수의,용역,제5회 인천 체육인재한마당 추가 청소용역비 지급,165000,(주)초림환경
2026-06-12,마니산유치원,1인수의,용역,2026년 상반기 저수조 청소 및 살균 실시,165000,가람솔
2026-06-11,인천담방초등학교,1인수의,용역,2026학년도 상반기 저수조 청소,165000,동춘환경
2026-06-05,가정여자중학교,1인수의,용역,2026년 상반기 저수조 청소비 지급,165000,주식회사 신진환경
2026-06-04,인천석남서초등학교,1인수의,용역,강당 남자화장실 소변기 배관 청소,165000,삼오건업
2026-05-29,인천가현초등학교,1인수의,용역,시설물청소원 대체근무 용역비 지급,165000,주식회사 크린웰
2026-03-23,옥련중학교,1인수의,용역,3월 시설물청소원 대체근무용역비 지급,165000,주식회사 크린웰
2026-03-10,작전고등학교,1인수의,용역,실링팬형 공기정화장치 필터 청소,165000,(주)에스알솔루션
2026-05-13,신현여자중학교,1인수의,용역,급식실 선풍기 청소,154000,아이클린 경인점
2026-03-23,인천이음초등학교,1인수의,용역,도서관 무선청소기 검검 및 수리,152500,삼성전자서비스(주)
2026-06-22,인천전자마이스터고등학교,1인수의,용역,2026년도 (구)선인재단 하반기 상·하수도 공동저수조 청소(소독) 분담금 납부(대중예술고,145490,인천대중예술고등학교
2026-03-20,갑룡초등학교,1인수의,용역,(0512) 교실 청소기 수리비 지급,141500,엘지전자 주식회사
2026-06-23,인천석남중학교,1인수의,용역,수족관 청소 실시,140000,상지원 수족관
2026-03-24,인천석남중학교,1인수의,용역,수족관 청소 실시,140000,상지원 수족관
2026-05-29,인천하늘초등학교,1인수의,용역,유치원 청소기 수리,137500,엘지전자 주식회사
2026-06-01,인천경연중학교,1인수의,용역,경연초중학교 경연관 및 소강당 스탠드형 냉난방기 필터 청소 실시,135000,준설비
2026-06-26,인천광역시교육청학생교육문화회관,1인수의,용역,별별요리실 제빙기 분해 살균 및 소독 청소 비용 지출 요청,134550,헥토파이낸셜
2026-03-13,인천동춘초등학교,1인수의,용역,유치원 실내용 청소기(핸디/스틱형) 수리비 지급,116500,엘지전자 주식회사
2026-06-11,상인천여자중학교,1인수의,용역,2026년 6월 시설물청소원 대체근무 용역비 지급,113000,주식회사 제일안전
2026-05-06,신현중학교,1인수의,용역,시설물청소원휴게실 냉장고 수리,110800,제일서비스
2026-05-30,인천부내초등학교,1인수의,용역,2026년도 선풍기 청소 실시(추가),105600,주식회사 크린웰
2026-04-28,인천하늘초등학교,1인수의,용역,유치원 청소기 수리 및 출장비,101500,엘지전자 주식회사
2026-06-15,강화고등학교,1인수의,용역,식생활관 오븐 청소비 지급,99000,(주)동방포쎄
2026-03-26,신송고등학교,1인수의,용역,청소원 휴게실 세탁기 수리비 지급,88800,엘지전자 주식회사
2026-06-29,인천병방초등학교,1인수의,용역,1학년연구실 및 시설물청소원휴게실 인터넷 전화 설치비,88000,티티에스
2026-07-14,인천바이오과학고등학교,1인수의,용역,시설청소원 휴게실 세탁기 수리,74000,엘지전자 주식회사
2026-03-13,강서중학교,1인수의,용역,청소용품(기름걸레) 렌탈,66000,반석기업
2026-04-23,동인천중학교,1인수의,용역,급식실 세미기 내부 배관 청소비 지급,55000,화신주방산업(주)
2026-07-03,신송고등학교,1인수의,용역,청소원휴게실 세탁기 수리 비용 지급,50500,엘지전자 주식회사
2026-04-28,인천산곡북초등학교,1인수의,용역,2026학년도 청소기 부품(먼지통 세트) 구입비 지급,50000,위니아 서비스
2026-04-06,인천계산초등학교,1인수의,용역,2026학년도 급식실(조리실무사 휴게실) 무선청소기 수리비용 지급,49500,삼성전자서비스(주)모바일계양센터
2026-05-28,인천아라초등학교,1인수의,용역,유치원 물걸레 청소기 수리비 지급,40000,휴스톰
2026-03-17,검단고등학교,1인수의,용역,청소기 수리 출장비 지급,39000,엘지전자 주식회사
2026-06-15,부평서중학교,1인수의,용역,특수학급 1반 청소기 수리비 지급,33000,엘지전자 주식회사
