계약일자,발주기관,계약방법,계약명,계약금액,계약대상자
20260126,남해교육지원청,2인이상수의,2026년 남해교육지원청 관내 학교 저수조 청소 용역,38057990,금산종합환경
20260128,통영교육지원청,2인이상수의,2026년 학교 환경위생관리업무(저수조 청소) 용역,36497230,크린에이스
20260205,거제교육지원청,2인이상수의,2026년 거제교육지원청 관내 학교 저수조 청소 용역(1권역),33748000,우리환경
20260202,거제교육지원청,2인이상수의,2026. 거제교육지원청 관내 학교 저수조 청소 용역(3권역),33474080,주식회사 대각종합관리
20260206,양산교육지원청,2인이상수의,2026. 양산교육지원청 관내 학교 저수조 청소 용역(1권역),31987680,호정그린개발
20260206,거제교육지원청,2인이상수의,2026. 거제교육지원청 관내 학교 저수조 청소 용역(4권역),30698800,에코유방역. 에코유환경
20260310,김해교육지원청,2인이상수의,2026년 학교 환경위생관리업무(저수조 청소) 용역비 지출(4권역),28757670,지원텍
20260130,창원교육지원청,2인이상수의,2026. 창원교육지원청 관내 학교 저수조 청소 용역(8권역),28291730,주식회사 지원시스템
20260130,창원교육지원청,2인이상수의,2026년 창원교육지원청 관내 학교 저수조 청소 용역(5권역),28014400,리앤제이 주식회사
20260202,창원교육지원청,2인이상수의,2026. 창원교육지원청 관내 학교 저수조 청소 용역(7권역),27465530,늘푸른환경
20260129,거제교육지원청,2인이상수의,2026. 거제교육지원청 관내 학교 저수조 청소 용역(2권역),27223360,주식회사 맑은환경산업
20260123,창원교육지원청,2인이상수의,2026년 창원교육지원청 관내 학교 저수조 청소 용역(1권역),26877250,늘푸른환경
20260210,김해교육지원청,2인이상수의,2026년 학교 환경위생관리업무(저수조 청소) 용역(2권역),26656700,장애인기업다우리 주식회사
20260130,창원교육지원청,2인이상수의,2026년 창원교육지원청 관내 학교 저수조 청소 용역(4권역),26353060,청솔환경(주)
20260206,양산교육지원청,2인이상수의,2026. 양산교육지원청 관내 학교 저수조 청소 용역(3권역),26250080,호정그린개발
20260127,거창교육지원청,2인이상수의,2026년 거창교육지원청 관내 학교 저수조 청소 용역,25300000,거창크리닉
20260223,하동교육지원청,2인이상수의,2026. 하동교육지원청 학교 저수조 청소 용역,24934890,도영산업(주)
20260128,밀양교육지원청,2인이상수의,2026년 밀양교육지원청 관내학교 저수조 청소 용역,24768590,태산건설(주)
20260130,창원교육지원청,2인이상수의,2026년 창원교육지원청 관내 학교 저수조 청소 용역(3권역),24745530,창원종합관리주식회사
20260206,양산교육지원청,2인이상수의,2026. 양산교육지원청 관내 학교 저수조 청소 용역(2권역),24174660,삼보헬퍼스
20260126,창원교육지원청,2인이상수의,2026년 창원교육지원청 관내 학교 저수조 청소 용역(2권역),22942050,주식회사 지엔티건설
20260225,진주교육지원청,2인이상수의,2026. 진주교육지원청 관내 학교 저수조 청소 용역(1권역),21672900,진주방역환경개발
20260203,창녕교육지원청,2인이상수의,2026년 창녕교육지원청 관내 학교 저수조 청소 용역,21187300,바퀴잡는 사람들
20260128,창원교육지원청,2인이상수의,2026년 창원교육지원청 관내 학교 저수조 청소 용역(6권역),20934090,늘푸른사람들 협동조합
20260210,김해교육지원청,2인이상수의,2026년 학교 환경위생관리업무(저수조 청소) 용역(1권역),20810790,청정나라
20260225,진주교육지원청,2인이상수의,2026. 진주교육지원청 관내 학교 저수조 청소 용역(3권역),19659890,도영산업 주식회사
20260225,진주교육지원청,2인이상수의,2026. 진주교육지원청 관내 학교 저수조 청소 용역(4권역),19462890,도영산업 주식회사
20260310,김해교육지원청,2인이상수의,2026년 학교 환경위생관리업무(저수조 청소) 용역(5권역),19104930,(주)대동하우징
20260209,고성교육지원청,1인수의,2026년 학교 환경위생관리업무(저수조 청소) 지원 용역,18972000,유한회사 고성늘푸른사람들
20260210,김해교육지원청,2인이상수의,2026년 학교 환경위생관리업무(저수조 청소) 용역(3권역),17829560,(주)서부산업개발
20260210,김해교육지원청,2인이상수의,2026년 학교 환경위생관리업무(저수조 청소) 용역(6권역),16986460,청명환경산업
20260225,진주교육지원청,2인이상수의,2026. 진주교육지원청 관내 학교 저수조 청소 용역(2권역),16936910,TM개발
20260123,사천교육지원청,2인이상수의,2026. 사천교육지원청 관내 학교 저수조 청소(제1권역) 용역,16717800,예봄
20260119,합천교육지원청,2인이상수의,2026년 합천교육지원청 관내학교 저수조 청소 용역,15908000,주식회사 수려한환경
20260204,함양교육지원청,2인이상수의,2026년 학교 환경위생관리 용역(저수조 청소),12285300,주식회사 형제
20260123,사천교육지원청,2인이상수의,2026. 사천교육지원청 관내 학교 저수조 청소(제2권역) 용역,11603800,조일환경주식회사
20260126,의령교육지원청,2인이상수의,2026년 의령교육지원청 관내 학교환경위생관리(저수조청소) 용역,11269000,주식회사 보건환경
20260122,함안교육지원청,2인이상수의,2026년 학교 환경위생관리업무 지원(저수조 청소) 용역,11053110,(주)청솔환경
20260130,산청교육지원청,2인이상수의,2026년 산청교육지원청 관내 학교 저수조 청소용역[1권역],9217170,성운건설(주)
20260130,산청교육지원청,2인이상수의,2026년 산청교육지원청 관내 학교 저수조 청소용역[2권역],7771860,영남주택산업
20260722,반송초등학교,1인수의,"2026년 급식소 조리실 및 식당내부, 물탱크 청소용역 시행",4100000,도원환경
20260115,경상남도교육청 진로교육원,1인수의,2026년 저수조 청소 및 원내 방역 용역비 지급,2875000,밀양클린바퀴잡는사람들
20260318,경상남도교육청 특수교육원,1인수의,[원인행위]2026. 저수조 청소 및 원내 방역 용역비 지출,2380000,밀양클린바퀴잡는사람들
20260325,선명여자고등학교,1인수의,2026년 상반기 물탱크 및 지하저수조 청소 용역,2130000,한아름환경
20260724,경남산업고등학교,1인수의,2026. 급식소 및 조리실습동 집수조 슬러지 청소비 지급,2090000,주식회사 거가환경
20260608,경상남도교육청 진주학생수영장,1인수의,2026년 상반기 수영장 수조 대청소비 지급,1980000,주식회사 대하환경
20260410,창원대암고등학교,1인수의,급식소 오수관 집수조 청소작업 실시,1540000,(주)가야환경개발
20260310,경상남도교육청 학생교육원,1인수의,상반기 저수조 청소 실시,1000000,푸르미환경
20260310,경상남도교육청 덕유학생교육원,1인수의,2026년도 상반기 저수조 청소 및 소독작업 실시,900000,거창크리닉
20260408,경상남도교육청 종합복지관,1인수의,2026년 상반기 저수조 청소 실시,770000,그린환경
20260520,의령교육지원청,1인수의,고가수조 및 빗물이용시설 저수조 청소 실시(1회차),660000,(사)덕성장애인생활자립협회
20260417,밀양교육지원청,1인수의,"2026. 4월 밀양교육지원청 및 영재교육원 방역, 물탱크 청소",620000,정명개발
20260416,사천교육지원청,1인수의,2026년 청사 상반기 저수조 청소 및 4월 방역비 지급,590000,조일환경주식회사
20260422,경상남도교육청 함안도서관,1인수의,"2026년도 저수조 청소 및 방역 용역(방역 2회차, 저수조 청소 1회차)",450000,푸르미환경
20260416,창원동중학교,1인수의,본관 지하 저수조 청소 실시,450000,늘푸른사람들 협동조합
20260625,양산교육지원청,1인수의,2026년 상반기 양산교육지원청 저수조 청소 용역비 지출,440000,(유)라인종합관리
20260608,경상남도교육청 진주학생수영장,1인수의,2025년 상반기 저수조 청소비 지급,440000,주식회사 대하환경
20260531,진주교육지원청,1인수의,2026년 상반기 진주교육지원청 저수조 청소 대금 지급,440000,남강환경산업
20260423,사천교육지원청,1인수의,2026년 청사 상반기 저수조 청소비 지급,440000,조일환경주식회사
20260630,경상남도교육청 가야산독서당 정글북,1인수의,청사방역 및 저수조 청소비 지급,420000,엘지환경실업
20260324,경상남도교육청 가야산독서당 정글북,1인수의,청사방역 및 저수조 청소,420000,엘지환경실업
20260507,창원교육지원청,1인수의,"[원인행위] 창원교육지원청(창원, 마산, 진해) 저수조 청소 실시",407000,유림기업
20260610,경상남도교육청 사천도서관,1인수의,2026년 2분기 도서관 방역 및 저수조 청소,370000,조일환경주식회사
20260421,경상남도교육청 삼천포도서관,1인수의,2026년 상반기 도서관 방역 및 저수조 청소,370000,조일환경주식회사
20260406,경상남도교육청 사천도서관,1인수의,2026년 1분기 도서관 방역 및 저수조 청소,370000,조일환경주식회사
20260303,경상남도교육청 낙동강학생교육원,1인수의,2026. 상반기 저수조 청소 비용 지급,355000,삼미환경공사
20260331,남해교육지원청,1인수의,청사 저수조(물탱크) 청소 실시비,347600,금산종합환경
20260626,경상남도교육청 삼천포학생체육관,1인수의,2026년 삼천포학생체육관 상반기 저수조 및 물탱크 청소 실시,330000,조일환경주식회사
20260320,하동교육지원청,1인수의,하동행복마을학교 물탱크 청소 및 방역비용 지출,320000,오케이(OK) 환경
20260409,창남초등학교,1인수의,2026. 유치원 환경위생 관리 물품(물걸레 청소기)구입,319990,케이앤마켓
20260630,경상남도교육청 과학교육원,1인수의,(원인)2026년 하반기 과학교육원 저수조 청소 용역,300000,진주방역환경개발
20260602,산청교육지원청,1인수의,2026. 6월 여름철 감염병 예방을 위한 방역 및 저수조 청소비 지급,267500,(사)덕성장애인생활자립협회
20260618,창원대산중학교,1인수의,2026년 상반기 저수조 청소 작업,260000,주식회사지원시스템
20260414,군북중학교,1인수의,본관 저수조 청소 용역,253000,청솔환경
20260611,경상남도교육청 진양도서관,1인수의,2026년 6월 도서관 방역 소독 및 물탱크 청소 실시,250000,승하환경(주)
20260521,경상남도교육청 진주학생체육관,1인수의,진주학생체육관 저수조 청소 및 방역 실시,250000,경남환경방역공사
20260630,쌍백초등학교,1인수의,본관 옥상 저수조 청소비 지급,220000,주식회사 수려한환경
20260624,지족초등학교,1인수의,교직원사택 저수조(물탱크) 청소 및 소독 용역비 지출,220000,금산종합환경
20251218,경상남도교육청 경남수학문화관,1인수의,2026년 거제수학체험센터 저수조 청소 용역,220000,제일환경산업
20260511,경상남도교육청 경남수학문화관,1인수의,2026년 상반기 청사 저수조 청소비 지출,209000,가나종합관리
20260709,신현초등학교,1인수의,급식소 집수조 청소 용역,200000,명성환경
20260609,경상남도교육청 함안도서관,1인수의,2026년 하반기 저수조 청소 및 방역 용역(방역 3회차),200000,푸르미환경
20260120,경상남도교육청 함안도서관,1인수의,2026년도 저수조 청소 및 방역 용역(방역 1회차),200000,푸르미환경
20260811,의령여자고등학교,1인수의,소방용 물탱크 청소 작업,165000,(주)보건환경
20260630,경상남도교육청 거창도서관,1인수의,[계좌이체] 2026년 6월 물탱크 청소 실시,132000,거창크리닉
20260325,경상남도교육청 거창도서관,1인수의,[계좌이체] 2026년 3월 물탱크 청소 실시,132000,거창크리닉
20260402,경상남도교육청 과학교육원,1인수의,2026년 4월 저수조 청소 실시,130000,바퀴잡는사람들
20260617,경상남도교육청 통영도서관,1인수의,2026년 상반기 저수조 청소,110000,남해환경
20260521,합천평화고등학교,1인수의,본관 저수조 용역청소비 지급,110000,주식회사 수려한환경
20260318,창원진달래유치원,1인수의,환경위생 청소용품 구입비 지출,103100,11번가
